首次发布时间,update_date,标准品牌,标准车系,车源发布状态,标价
2017-09-30,2017-09-30,别克,昂科威,3,0.15E2
2017-09-30,2017-09-30,别克,昂科威,3,0.1758E2
2017-08-07,2017-09-29,别克,昂科威,3,0.216E2
2017-09-01,2017-09-29,别克,昂科威,3,0.1898E2
2017-09-02,2017-09-29,别克,昂科威,3,0.1898E2
2017-09-22,2017-09-29,别克,昂科威,3,0.26E2
2017-09-13,2017-09-29,别克,昂科威,3,0.238E2
2017-09-15,2017-09-29,别克,昂科威,3,0.176E2
2017-09-16,2017-09-29,别克,昂科威,3,0.1758E2
2017-09-28,2017-09-28,别克,昂科威,3,0.192E2
2017-09-28,2017-09-28,别克,昂科威,3,0.161E2
2017-09-27,2017-09-27,别克,昂科威,3,0.2E2
2017-08-28,2017-09-26,别克,昂科威,3,0.215E2
2017-09-14,2017-09-26,别克,昂科威,3,0.22E2
2017-09-13,2017-09-26,别克,昂科威,3,0.168E2
2017-09-11,2017-09-26,别克,昂科威,3,0.156E2
2017-09-14,2017-09-26,别克,昂科威,3,0.1734E2
2017-09-26,2017-09-26,别克,昂科威,3,0.196E2
2017-08-26,2017-09-25,别克,昂科威,3,0.238E2
2017-08-26,2017-09-25,别克,昂科威,3,0.265E2
2017-08-20,2017-09-25,别克,昂科威,3,0.192E2
2017-09-18,2017-09-25,别克,昂科威,3,0.16E2
2017-09-12,2017-09-25,别克,昂科威,3,0.1756E2
2017-09-18,2017-09-25,别克,昂科威,3,0.188E2
2017-09-25,2017-09-25,别克,昂科威,3,0.179E2
2017-07-18,2017-09-24,别克,昂科威,3,0.238E2
2017-08-04,2017-09-24,别克,昂科威,3,0.195E2
2017-08-05,2017-09-24,别克,昂科威,3,0.1998E2
2017-09-09,2017-09-24,别克,昂科威,3,0.182E2
2017-09-06,2017-09-24,别克,昂科威,3,0.195E2
2017-09-16,2017-09-24,别克,昂科威,3,0.1708E2
2017-09-18,2017-09-24,别克,昂科威,3,0.216E2
2017-08-26,2017-09-23,别克,昂科威,3,0.173E2
2017-09-15,2017-09-23,别克,昂科威,3,0.2E2
2017-09-13,2017-09-23,别克,昂科威,3,0.188E2
2017-09-09,2017-09-23,别克,昂科威,3,0.2058E2
2017-09-20,2017-09-23,别克,昂科威,3,0.192E2
2017-09-18,2017-09-23,别克,昂科威,3,0.17E2
2017-09-02,2017-09-23,别克,昂科威,3,0.188E2
2017-09-07,2017-09-23,别克,昂科威,3,0.188E2
2017-09-17,2017-09-23,别克,昂科威,3,0.173E2
2017-08-31,2017-09-22,别克,昂科威,3,0.2368E2
2017-08-23,2017-09-22,别克,昂科威,3,0.215E2
2017-09-18,2017-09-22,别克,昂科威,3,0.17E2
2017-09-01,2017-09-22,别克,昂科威,3,0.1896E2
2017-09-11,2017-09-22,别克,昂科威,3,0.1746E2
2017-09-22,2017-09-22,别克,昂科威,3,0.2238E2
2017-09-07,2017-09-22,别克,昂科威,3,0.188E2
2017-09-14,2017-09-22,别克,昂科威,3,0.195E2
2017-09-13,2017-09-22,别克,昂科威,3,0.2198E2
2017-09-16,2017-09-22,别克,昂科威,3,0.2286E2
2017-08-30,2017-09-21,别克,昂科威,3,0.178E2
2017-09-02,2017-09-21,别克,昂科威,3,0.1918E2
2017-09-05,2017-09-21,别克,昂科威,3,0.178E2
2017-09-16,2017-09-21,别克,昂科威,3,0.1828E2
2017-09-20,2017-09-21,别克,昂科威,3,0.2198E2
2017-09-13,2017-09-21,别克,昂科威,3,0.2198E2
2017-08-25,2017-09-20,别克,昂科威,3,0.198E2
2017-08-23,2017-09-20,别克,昂科威,3,0.198E2
2017-08-26,2017-09-20,别克,昂科威,3,0.235E2
2017-08-23,2017-09-20,别克,昂科威,3,0.198E2
2017-08-26,2017-09-20,别克,昂科威,3,0.229E2
2017-09-04,2017-09-20,别克,昂科威,3,0.232E2
2017-09-05,2017-09-20,别克,昂科威,3,0.199E2
2017-09-12,2017-09-20,别克,昂科威,3,0.19E2
2017-09-18,2017-09-20,别克,昂科威,3,0.175E2
2017-09-02,2017-09-20,别克,昂科威,3,0.1918E2
2017-09-13,2017-09-20,别克,昂科威,3,0.185E2
2017-07-27,2017-09-19,别克,昂科威,3,0.198E2
2017-08-26,2017-09-19,别克,昂科威,3,0.1738E2
2017-08-21,2017-09-19,别克,昂科威,3,0.1998E2
2017-08-27,2017-09-19,别克,昂科威,3,0.258E2
2017-08-26,2017-09-19,别克,昂科威,3,0.228E2
2017-08-29,2017-09-19,别克,昂科威,3,0.18E2
2017-08-30,2017-09-19,别克,昂科威,3,0.199E2
2017-08-30,2017-09-19,别克,昂科威,3,0.1958E2
2017-08-25,2017-09-19,别克,昂科威,3,0.198E2
2017-09-02,2017-09-19,别克,昂科威,3,0.1738E2
2017-09-09,2017-09-19,别克,昂科威,3,0.182E2
2017-09-15,2017-09-19,别克,昂科威,3,0.19E2
2017-09-10,2017-09-19,别克,昂科威,3,0.2288E2
2017-09-09,2017-09-19,别克,昂科威,3,0.182E2
2017-08-24,2017-09-18,别克,昂科威,3,0.2318E2
2017-08-24,2017-09-18,别克,昂科威,3,0.2318E2
2017-09-14,2017-09-18,别克,昂科威,3,0.2199E2
2017-09-09,2017-09-18,别克,昂科威,3,0.185E2
2017-09-16,2017-09-17,别克,昂科威,3,0.19E2
2017-09-03,2017-09-17,别克,昂科威,3,0.1924E2
2017-09-02,2017-09-17,别克,昂科威,3,0.216E2
2017-09-15,2017-09-17,别克,昂科威,3,0.193E2
2017-08-26,2017-09-16,别克,昂科威,3,0.268E2
2017-08-17,2017-09-16,别克,昂科威,3,0.1995E2
2017-08-30,2017-09-16,别克,昂科威,3,0.1848E2
2017-08-30,2017-09-16,别克,昂科威,3,0.198E2
2017-09-04,2017-09-16,别克,昂科威,3,0.1858E2
2017-09-09,2017-09-16,别克,昂科威,3,0.206E2
2017-09-12,2017-09-16,别克,昂科威,3,0.1838E2
2017-09-12,2017-09-16,别克,昂科威,3,0.1838E2
2017-09-01,2017-09-16,别克,昂科威,3,0.1796E2
2017-09-12,2017-09-16,别克,昂科威,3,0.258E2
2017-09-04,2017-09-16,别克,昂科威,3,0.203E2
2017-08-26,2017-09-15,别克,昂科威,3,0.228E2
2017-08-29,2017-09-15,别克,昂科威,3,0.1888E2
2017-09-14,2017-09-15,别克,昂科威,3,0.1698E2
2017-09-15,2017-09-15,别克,昂科威,3,0.177E2
2017-09-03,2017-09-15,别克,昂科威,3,0.189E2
2017-08-15,2017-09-14,别克,昂科威,3,0.208E2
2017-08-16,2017-09-14,别克,昂科威,3,0.188E2
2017-08-21,2017-09-14,别克,昂科威,3,0.24E2
2017-08-18,2017-09-14,别克,昂科威,3,0.1996E2
2017-08-26,2017-09-14,别克,昂科威,3,0.198E2
2017-08-15,2017-09-14,别克,昂科威,3,0.255E2
2017-08-15,2017-09-14,别克,昂科威,3,0.208E2
2017-08-15,2017-09-14,别克,昂科威,3,0.185E2
2017-08-30,2017-09-14,别克,昂科威,3,0.1872E2
2017-08-25,2017-09-14,别克,昂科威,3,0.2295E2
2017-08-18,2017-09-14,别克,昂科威,3,0.1998E2
2017-08-17,2017-09-14,别克,昂科威,3,0.205E2
2017-08-18,2017-09-14,别克,昂科威,3,0.1998E2
2017-08-26,2017-09-14,别克,昂科威,3,0.198E2
2017-08-29,2017-09-14,别克,昂科威,3,0.1888E2
2017-08-26,2017-09-14,别克,昂科威,3,0.1788E2
2017-08-26,2017-09-14,别克,昂科威,3,0.238E2
2017-09-05,2017-09-14,别克,昂科威,3,0.18E2
2017-09-03,2017-09-14,别克,昂科威,3,0.189E2
2017-09-04,2017-09-14,别克,昂科威,3,0.1796E2
2017-09-09,2017-09-14,别克,昂科威,3,0.173E2
2017-09-13,2017-09-14,别克,昂科威,3,0.238E2
2017-08-22,2017-09-13,别克,昂科威,3,0.268E2
2017-08-26,2017-09-13,别克,昂科威,3,0.198E2
2017-08-26,2017-09-13,别克,昂科威,3,0.2298E2
2017-08-26,2017-09-13,别克,昂科威,3,0.198E2
2017-08-26,2017-09-13,别克,昂科威,3,0.229E2
2017-08-16,2017-09-13,别克,昂科威,3,0.2198E2
2017-08-22,2017-09-13,别克,昂科威,3,0.195E2
2017-08-23,2017-09-13,别克,昂科威,3,0.1998E2
2017-09-03,2017-09-13,别克,昂科威,3,0.23E2
2017-09-09,2017-09-13,别克,昂科威,3,0.195E2
2017-09-01,2017-09-13,别克,昂科威,3,0.1998E2
2017-09-10,2017-09-13,别克,昂科威,3,0.2088E2
2017-09-07,2017-09-13,别克,昂科威,3,0.213E2
2017-07-18,2017-09-12,别克,昂科威,3,0.1898E2
2017-08-17,2017-09-12,别克,昂科威,3,0.2198E2
2017-08-26,2017-09-12,别克,昂科威,3,0.228E2
2017-08-16,2017-09-12,别克,昂科威,3,0.216E2
2017-08-31,2017-09-12,别克,昂科威,3,0.256E2
2017-09-10,2017-09-12,别克,昂科威,3,0.168E2
2017-09-08,2017-09-12,别克,昂科威,3,0.18E2
2017-09-04,2017-09-12,别克,昂科威,3,0.203E2
2017-09-10,2017-09-12,别克,昂科威,3,0.189E2
2017-09-02,2017-09-12,别克,昂科威,3,0.178E2
2017-09-04,2017-09-12,别克,昂科威,3,0.1928E2
2017-08-26,2017-09-11,别克,昂科威,3,0.228E2
2017-08-25,2017-09-11,别克,昂科威,3,0.1888E2
2017-08-26,2017-09-11,别克,昂科威,3,0.245E2
2017-08-24,2017-09-11,别克,昂科威,3,0.189E2
2017-08-26,2017-09-11,别克,昂科威,3,0.228E2
2017-08-29,2017-09-11,别克,昂科威,3,0.1858E2
2017-09-04,2017-09-11,别克,昂科威,3,0.1928E2
2017-09-04,2017-09-11,别克,昂科威,3,0.182E2
2017-08-11,2017-09-10,别克,昂科威,3,0.245E2
2017-08-11,2017-09-10,别克,昂科威,3,0.188E2
2017-08-24,2017-09-09,别克,昂科威,3,0.172E2
2017-09-06,2017-09-09,别克,昂科威,3,0.26E2
2017-09-01,2017-09-09,别克,昂科威,3,0.1998E2
2017-09-08,2017-09-09,别克,昂科威,3,0.208E2
2017-09-05,2017-09-09,别克,昂科威,3,0.225E2
2017-08-09,2017-09-08,别克,昂科威,3,0.175E2
2017-08-14,2017-09-08,别克,昂科威,3,0.1708E2
2017-08-30,2017-09-08,别克,昂科威,3,0.208E2
2017-08-30,2017-09-08,别克,昂科威,3,0.168E2
2017-08-09,2017-09-08,别克,昂科威,3,0.21E2
2017-09-02,2017-09-08,别克,昂科威,3,0.248E2
2017-09-07,2017-09-08,别克,昂科威,3,0.24E2
2017-09-04,2017-09-08,别克,昂科威,3,0.226E2
2017-09-02,2017-09-08,别克,昂科威,3,0.248E2
2017-07-11,2017-09-07,别克,昂科威,3,0.238E2
2017-08-17,2017-09-07,别克,昂科威,3,0.1918E2
2017-08-21,2017-09-07,别克,昂科威,3,0.2129E2
2017-08-24,2017-09-07,别克,昂科威,3,0.2238E2
2017-08-24,2017-09-07,别克,昂科威,3,0.2238E2
2017-08-22,2017-09-07,别克,昂科威,3,0.1998E2
2017-08-27,2017-09-07,别克,昂科威,3,0.185E2
2017-09-01,2017-09-07,别克,昂科威,3,0.2198E2
2017-09-03,2017-09-07,别克,昂科威,3,0.166E2
2017-09-01,2017-09-07,别克,昂科威,3,0.18E2
2017-09-03,2017-09-07,别克,昂科威,3,0.21E2
2017-07-21,2017-09-06,别克,昂科威,3,0.1948E2
2017-08-07,2017-09-06,别克,昂科威,3,0.1888E2
2017-08-22,2017-09-06,别克,昂科威,3,0.19E2
2017-08-26,2017-09-06,别克,昂科威,3,0.1818E2
2017-08-11,2017-09-06,别克,昂科威,3,0.1838E2
2017-08-10,2017-09-06,别克,昂科威,3,0.206E2
2017-08-09,2017-09-06,别克,昂科威,3,0.195E2
2017-08-29,2017-09-06,别克,昂科威,3,0.2E2
2017-08-23,2017-09-06,别克,昂科威,3,0.178E2
2017-08-18,2017-09-06,别克,昂科威,3,0.19E2
2017-08-26,2017-09-06,别克,昂科威,3,0.1818E2
2017-08-21,2017-09-06,别克,昂科威,3,0.178E2
2017-08-21,2017-09-06,别克,昂科威,3,0.2129E2
2017-09-03,2017-09-06,别克,昂科威,3,0.166E2
2017-08-06,2017-09-05,别克,昂科威,3,0.193E2
2017-08-08,2017-09-05,别克,昂科威,3,0.1758E2
2017-08-15,2017-09-05,别克,昂科威,3,0.1758E2
2017-08-08,2017-09-05,别克,昂科威,3,0.265E2
2017-08-12,2017-09-05,别克,昂科威,3,0.1999E2
2017-08-04,2017-09-05,别克,昂科威,3,0.2238E2
2017-08-12,2017-09-05,别克,昂科威,3,0.183E2
2017-08-14,2017-09-05,别克,昂科威,3,0.1999E2
2017-08-31,2017-09-05,别克,昂科威,3,0.2158E2
2017-09-01,2017-09-05,别克,昂科威,3,0.215E2
2017-09-05,2017-09-05,别克,昂科威,3,0.23E2
2017-09-05,2017-09-05,别克,昂科威,3,0.1488E2
2017-09-05,2017-09-05,别克,昂科威,3,0.2238E2
2017-08-05,2017-09-04,别克,昂科威,3,0.225E2
2017-08-05,2017-09-04,别克,昂科威,3,0.1899E2
2017-08-15,2017-09-04,别克,昂科威,3,0.1968E2
2017-08-23,2017-09-04,别克,昂科威,3,0.1858E2
2017-08-23,2017-09-04,别克,昂科威,3,0.1858E2
2017-08-21,2017-09-04,别克,昂科威,3,0.195E2
2017-08-20,2017-09-04,别克,昂科威,3,0.183E2
2017-08-30,2017-09-04,别克,昂科威,3,0.215E2
2017-08-05,2017-09-03,别克,昂科威,3,0.225E2
2017-08-10,2017-09-03,别克,昂科威,3,0.2788E2
2017-08-15,2017-09-03,别克,昂科威,3,0.1968E2
2017-09-01,2017-09-03,别克,昂科威,3,0.2139E2
2017-07-06,2017-09-02,别克,昂科威,3,0.268E2
2017-08-12,2017-09-02,别克,昂科威,3,0.1888E2
2017-08-12,2017-09-02,别克,昂科威,3,0.16E2
2017-08-18,2017-09-02,别克,昂科威,3,0.21E2
2017-08-07,2017-09-02,别克,昂科威,3,0.2158E2
2017-08-12,2017-09-02,别克,昂科威,3,0.222E2
2017-08-10,2017-09-02,别克,昂科威,3,0.228E2
2017-07-18,2017-09-01,别克,昂科威,3,0.218E2
2017-07-18,2017-09-01,别克,昂科威,3,0.2258E2
2017-08-02,2017-09-01,别克,昂科威,3,0.228E2
2017-08-23,2017-09-01,别克,昂科威,3,0.198E2
2017-08-04,2017-09-01,别克,昂科威,3,0.2238E2
2017-08-01,2017-09-01,别克,昂科威,3,0.1938E2
2017-08-07,2017-09-01,别克,昂科威,3,0.2158E2
2017-08-10,2017-09-01,别克,昂科威,3,0.1998E2
2017-08-07,2017-09-01,别克,昂科威,3,0.2158E2
2017-08-09,2017-09-01,别克,昂科威,3,0.18E2
2017-07-16,2017-08-31,别克,昂科威,3,0.21E2
2017-07-19,2017-08-31,别克,昂科威,3,0.2098E2
2017-07-20,2017-08-31,别克,昂科威,3,0.209E2
2017-08-15,2017-08-31,别克,昂科威,3,0.189E2
2017-08-16,2017-08-31,别克,昂科威,3,0.2168E2
2017-08-16,2017-08-31,别克,昂科威,3,0.2168E2
2017-08-25,2017-08-31,别克,昂科威,3,0.2E2
2017-08-26,2017-08-31,别克,昂科威,3,0.1898E2
2017-08-10,2017-08-31,别克,昂科威,3,0.199E2
2017-08-23,2017-08-31,别克,昂科威,3,0.23E2
2017-08-13,2017-08-31,别克,昂科威,3,0.19E2
2017-08-24,2017-08-31,别克,昂科威,3,0.223E2
2017-08-26,2017-08-31,别克,昂科威,3,0.2722E2
2017-07-27,2017-08-30,别克,昂科威,3,0.175E2
2017-07-27,2017-08-30,别克,昂科威,3,0.175E2
2017-07-27,2017-08-30,别克,昂科威,3,0.2458E2
2017-07-31,2017-08-30,别克,昂科威,3,0.198E2
2017-07-26,2017-08-30,别克,昂科威,3,0.178E2
2017-08-25,2017-08-30,别克,昂科威,3,0.27E2
2017-08-04,2017-08-30,别克,昂科威,3,0.198E2
2017-08-08,2017-08-30,别克,昂科威,3,0.1898E2
2017-08-22,2017-08-30,别克,昂科威,3,0.1888E2
2017-08-13,2017-08-30,别克,昂科威,3,0.22E2
2017-08-08,2017-08-30,别克,昂科威,3,0.199E2
2017-08-12,2017-08-30,别克,昂科威,3,0.1888E2
2017-08-24,2017-08-30,别克,昂科威,3,0.195E2
2017-08-29,2017-08-30,别克,昂科威,3,0.2073E2
2017-08-22,2017-08-30,别克,昂科威,3,0.1888E2
2017-08-24,2017-08-29,别克,昂科威,3,0.21E2
2017-08-09,2017-08-29,别克,昂科威,3,0.21E2
2017-08-01,2017-08-29,别克,昂科威,3,0.185E2
2017-08-17,2017-08-29,别克,昂科威,3,0.17E2
2017-08-29,2017-08-29,别克,昂科威,3,0.18E2
2017-08-21,2017-08-29,别克,昂科威,3,0.186E2
2017-08-15,2017-08-29,别克,昂科威,3,0.175E2
2017-08-18,2017-08-29,别克,昂科威,3,0.188E2
2017-08-27,2017-08-29,别克,昂科威,3,0.2298E2
2017-08-23,2017-08-29,别克,昂科威,3,0.1998E2
2017-08-26,2017-08-29,别克,昂科威,3,0.2199E2
2017-08-27,2017-08-29,别克,昂科威,3,0.2463E2
2017-08-28,2017-08-29,别克,昂科威,3,0.226E2
2017-08-16,2017-08-29,别克,昂科威,3,0.1888E2
2017-08-24,2017-08-29,别克,昂科威,3,0.2E2
2017-08-27,2017-08-29,别克,昂科威,3,0.1686E2
2017-08-26,2017-08-29,别克,昂科威,3,0.2199E2
2017-08-07,2017-08-28,别克,昂科威,3,0.1968E2
2017-08-21,2017-08-28,别克,昂科威,3,0.258E2
2017-06-30,2017-08-27,别克,昂科威,3,0.24E2
2017-08-06,2017-08-27,别克,昂科威,3,0.165E2
2017-08-18,2017-08-27,别克,昂科威,3,0.1868E2
2017-08-13,2017-08-27,别克,昂科威,3,0.19E2
2017-08-10,2017-08-26,别克,昂科威,3,0.1536E2
2017-08-03,2017-08-26,别克,昂科威,3,0.1828E2
2017-08-04,2017-08-26,别克,昂科威,3,0.195E2
2017-08-09,2017-08-26,别克,昂科威,3,0.2158E2
2017-08-24,2017-08-26,别克,昂科威,3,0.174E2
2017-07-31,2017-08-25,别克,昂科威,3,0.279E2
2017-07-18,2017-08-25,别克,昂科威,3,0.23E2
2017-07-19,2017-08-25,别克,昂科威,3,0.2636E2
2017-08-09,2017-08-25,别克,昂科威,3,0.208E2
2017-08-21,2017-08-25,别克,昂科威,3,0.1809E2
2017-08-19,2017-08-25,别克,昂科威,3,0.1838E2
2017-08-01,2017-08-25,别克,昂科威,3,0.1938E2
2017-08-11,2017-08-25,别克,昂科威,3,0.16E2
2017-08-07,2017-08-25,别克,昂科威,3,0.2258E2
2017-08-11,2017-08-25,别克,昂科威,3,0.23E2
2017-08-22,2017-08-25,别克,昂科威,3,0.2278E2
2017-08-23,2017-08-25,别克,昂科威,3,0.2025E2
2017-07-16,2017-08-24,别克,昂科威,3,0.2188E2
2017-07-30,2017-08-24,别克,昂科威,3,0.2358E2
2017-07-13,2017-08-24,别克,昂科威,3,0.2258E2
2017-07-30,2017-08-24,别克,昂科威,3,0.2108E2
2017-08-04,2017-08-24,别克,昂科威,3,0.198E2
2017-08-13,2017-08-24,别克,昂科威,3,0.236E2
2017-08-22,2017-08-24,别克,昂科威,3,0.2358E2
2017-08-10,2017-08-24,别克,昂科威,3,0.188E2
2017-08-07,2017-08-24,别克,昂科威,3,0.1788E2
2017-08-06,2017-08-24,别克,昂科威,3,0.165E2
2017-08-09,2017-08-24,别克,昂科威,3,0.21E2
2017-08-15,2017-08-24,别克,昂科威,3,0.188E2
2017-08-12,2017-08-24,别克,昂科威,3,0.193E2
2017-08-23,2017-08-24,别克,昂科威,3,0.225E2
2017-08-12,2017-08-24,别克,昂科威,3,0.1873E2
2017-08-13,2017-08-24,别克,昂科威,3,0.24E2
2017-07-25,2017-08-23,别克,昂科威,3,0.1626E2
2017-07-28,2017-08-23,别克,昂科威,3,0.1658E2
2017-07-28,2017-08-23,别克,昂科威,3,0.1658E2
2017-08-20,2017-08-23,别克,昂科威,3,0.1898E2
2017-08-09,2017-08-23,别克,昂科威,3,0.21E2
2017-08-14,2017-08-23,别克,昂科威,3,0.178E2
2017-08-05,2017-08-23,别克,昂科威,3,0.2578E2
2017-08-09,2017-08-23,别克,昂科威,3,0.21E2
2017-08-11,2017-08-23,别克,昂科威,3,0.2688E2
2017-08-15,2017-08-23,别克,昂科威,3,0.2098E2
2017-08-11,2017-08-23,别克,昂科威,3,0.2298E2
2017-06-17,2017-08-22,别克,昂科威,3,0.23E2
2017-07-03,2017-08-22,别克,昂科威,3,0.2098E2
2017-07-28,2017-08-22,别克,昂科威,3,0.225E2
2017-07-28,2017-08-22,别克,昂科威,3,0.225E2
2017-07-28,2017-08-22,别克,昂科威,3,0.225E2
2017-07-25,2017-08-22,别克,昂科威,3,0.175E2
2017-07-25,2017-08-22,别克,昂科威,3,0.173E2
2017-08-09,2017-08-22,别克,昂科威,3,0.1999E2
2017-08-09,2017-08-22,别克,昂科威,3,0.2098E2
2017-08-13,2017-08-22,别克,昂科威,3,0.229E2
2017-08-15,2017-08-22,别克,昂科威,3,0.184E2
2017-08-11,2017-08-22,别克,昂科威,3,0.16E2
2017-08-15,2017-08-22,别克,昂科威,3,0.178E2
2017-08-17,2017-08-22,别克,昂科威,3,0.1998E2
2017-08-20,2017-08-22,别克,昂科威,3,0.1898E2
2017-08-18,2017-08-22,别克,昂科威,3,0.185E2
2017-07-28,2017-08-21,别克,昂科威,3,0.225E2
2017-07-28,2017-08-21,别克,昂科威,3,0.225E2
2017-08-05,2017-08-21,别克,昂科威,3,0.2278E2
2017-08-05,2017-08-21,别克,昂科威,3,0.2298E2
2017-08-01,2017-08-21,别克,昂科威,3,0.188E2
2017-08-11,2017-08-21,别克,昂科威,3,0.2098E2
2017-08-10,2017-08-21,别克,昂科威,3,0.258E2
2017-08-09,2017-08-21,别克,昂科威,3,0.2098E2
2017-08-21,2017-08-21,别克,昂科威,3,0.1779E2
2017-08-13,2017-08-21,别克,昂科威,3,0.206E2
2017-07-10,2017-08-20,别克,昂科威,3,0.175E2
2017-07-25,2017-08-20,别克,昂科威,3,0.1938E2
2017-07-31,2017-08-20,别克,昂科威,3,0.228E2
2017-07-31,2017-08-20,别克,昂科威,3,0.228E2
2017-08-02,2017-08-20,别克,昂科威,3,0.175E2
2017-08-11,2017-08-20,别克,昂科威,3,0.2468E2
2017-08-09,2017-08-20,别克,昂科威,3,0.1568E2
2017-08-16,2017-08-20,别克,昂科威,3,0.183E2
2017-08-04,2017-08-20,别克,昂科威,3,0.185E2
2017-08-11,2017-08-20,别克,昂科威,3,0.1708E2
2017-08-18,2017-08-20,别克,昂科威,3,0.208E2
2017-08-18,2017-08-20,别克,昂科威,3,0.208E2
2017-07-25,2017-08-19,别克,昂科威,3,0.24E2
2017-07-28,2017-08-19,别克,昂科威,3,0.223E2
2017-07-25,2017-08-19,别克,昂科威,3,0.1938E2
2017-07-28,2017-08-19,别克,昂科威,3,0.225E2
2017-08-05,2017-08-19,别克,昂科威,3,0.22E2
2017-08-10,2017-08-19,别克,昂科威,3,0.166E2
2017-08-15,2017-08-19,别克,昂科威,3,0.1808E2
2017-08-05,2017-08-19,别克,昂科威,3,0.17E2
2017-08-05,2017-08-19,别克,昂科威,3,0.17E2
2017-08-14,2017-08-19,别克,昂科威,3,0.2048E2
2017-08-16,2017-08-19,别克,昂科威,3,0.19E2
2017-08-13,2017-08-19,别克,昂科威,3,0.2048E2
2017-07-10,2017-08-18,别克,昂科威,3,0.205E2
2017-07-28,2017-08-18,别克,昂科威,3,0.2128E2
2017-08-11,2017-08-18,别克,昂科威,3,0.1938E2
2017-08-11,2017-08-18,别克,昂科威,3,0.23E2
2017-08-15,2017-08-18,别克,昂科威,3,0.21E2
2017-08-13,2017-08-18,别克,昂科威,3,0.1738E2
2017-08-13,2017-08-18,别克,昂科威,3,0.2048E2
2017-07-20,2017-08-17,别克,昂科威,3,0.168E2
2017-07-21,2017-08-17,别克,昂科威,3,0.168E2
2017-07-17,2017-08-17,别克,昂科威,3,0.2398E2
2017-08-06,2017-08-17,别克,昂科威,3,0.168E2
2017-08-07,2017-08-17,别克,昂科威,3,0.185E2
2017-08-10,2017-08-17,别克,昂科威,3,0.25E2
2017-08-04,2017-08-17,别克,昂科威,3,0.2088E2
2017-08-03,2017-08-17,别克,昂科威,3,0.2858E2
2017-08-15,2017-08-17,别克,昂科威,3,0.2588E2
2017-08-15,2017-08-17,别克,昂科威,3,0.2588E2
2017-08-11,2017-08-17,别克,昂科威,3,0.23E2
2017-08-02,2017-08-17,别克,昂科威,3,0.1756E2
2017-08-02,2017-08-17,别克,昂科威,3,0.176E2
2017-08-07,2017-08-17,别克,昂科威,3,0.192E2
2017-06-19,2017-08-16,别克,昂科威,3,0.198E2
2017-07-30,2017-08-16,别克,昂科威,3,0.198E2
2017-07-21,2017-08-16,别克,昂科威,3,0.1998E2
2017-08-02,2017-08-16,别克,昂科威,3,0.1898E2
2017-08-04,2017-08-16,别克,昂科威,3,0.169E2
2017-08-07,2017-08-16,别克,昂科威,3,0.177E2
2017-08-11,2017-08-16,别克,昂科威,3,0.23E2
2017-08-03,2017-08-16,别克,昂科威,3,0.245E2
2017-08-04,2017-08-16,别克,昂科威,3,0.169E2
2017-08-15,2017-08-16,别克,昂科威,3,0.1848E2
2017-07-19,2017-08-15,别克,昂科威,3,0.18E2
2017-07-20,2017-08-15,别克,昂科威,3,0.2328E2
2017-07-20,2017-08-15,别克,昂科威,3,0.2388E2
2017-07-27,2017-08-15,别克,昂科威,3,0.248E2
2017-07-29,2017-08-15,别克,昂科威,3,0.2168E2
2017-08-07,2017-08-15,别克,昂科威,3,0.177E2
2017-08-11,2017-08-15,别克,昂科威,3,0.2798E2
2017-08-12,2017-08-15,别克,昂科威,3,0.1988E2
2017-08-11,2017-08-15,别克,昂科威,3,0.209E2
2017-08-14,2017-08-15,别克,昂科威,3,0.238E2
2017-08-13,2017-08-15,别克,昂科威,3,0.21E2
2017-08-14,2017-08-15,别克,昂科威,3,0.2051E2
2017-08-14,2017-08-15,别克,昂科威,3,0.273E2
2017-07-20,2017-08-14,别克,昂科威,3,0.173E2
2017-07-31,2017-08-14,别克,昂科威,3,0.235E2
2017-07-20,2017-08-14,别克,昂科威,3,0.2298E2
2017-07-31,2017-08-14,别克,昂科威,3,0.1988E2
2017-07-31,2017-08-14,别克,昂科威,3,0.1688E2
2017-07-31,2017-08-14,别克,昂科威,3,0.1688E2
2017-07-20,2017-08-14,别克,昂科威,3,0.173E2
2017-08-05,2017-08-14,别克,昂科威,3,0.1798E2
2017-08-03,2017-08-14,别克,昂科威,3,0.165E2
2017-08-03,2017-08-14,别克,昂科威,3,0.165E2
2017-08-11,2017-08-14,别克,昂科威,3,0.1938E2
2017-08-05,2017-08-14,别克,昂科威,3,0.1798E2
2017-06-16,2017-08-13,别克,昂科威,3,0.272E2
2017-07-24,2017-08-13,别克,昂科威,3,0.1659E2
2017-07-19,2017-08-13,别克,昂科威,3,0.1918E2
2017-07-31,2017-08-13,别克,昂科威,3,0.2038E2
2017-07-31,2017-08-13,别克,昂科威,3,0.1988E2
2017-07-31,2017-08-13,别克,昂科威,3,0.2038E2
2017-08-11,2017-08-13,别克,昂科威,3,0.198E2
2017-08-05,2017-08-13,别克,昂科威,3,0.199E2
2017-08-10,2017-08-13,别克,昂科威,3,0.2168E2
2017-07-06,2017-08-12,别克,昂科威,3,0.2028E2
2017-07-24,2017-08-12,别克,昂科威,3,0.185E2
2017-07-20,2017-08-12,别克,昂科威,3,0.2058E2
2017-07-24,2017-08-12,别克,昂科威,3,0.185E2
2017-07-24,2017-08-12,别克,昂科威,3,0.1659E2
2017-08-04,2017-08-12,别克,昂科威,3,0.175E2
2017-08-10,2017-08-12,别克,昂科威,3,0.2168E2
2017-08-09,2017-08-12,别克,昂科威,3,0.2494E2
2017-08-10,2017-08-12,别克,昂科威,3,0.2358E2
2017-08-09,2017-08-12,别克,昂科威,3,0.2168E2
2017-08-10,2017-08-12,别克,昂科威,3,0.235E2
2017-06-17,2017-08-11,别克,昂科威,3,0.176E2
2017-07-26,2017-08-11,别克,昂科威,3,0.178E2
2017-07-06,2017-08-11,别克,昂科威,3,0.187E2
2017-07-24,2017-08-11,别克,昂科威,3,0.175E2
2017-08-06,2017-08-11,别克,昂科威,3,0.2E2
2017-08-02,2017-08-11,别克,昂科威,3,0.173E2
2017-08-05,2017-08-11,别克,昂科威,3,0.215E2
2017-07-11,2017-08-10,别克,昂科威,3,0.219E2
2017-07-08,2017-08-10,别克,昂科威,3,0.2238E2
2017-07-10,2017-08-10,别克,昂科威,3,0.238E2
2017-07-19,2017-08-10,别克,昂科威,3,0.1666E2
2017-07-30,2017-08-10,别克,昂科威,3,0.215E2
2017-08-02,2017-08-10,别克,昂科威,3,0.1898E2
2017-08-04,2017-08-10,别克,昂科威,3,0.1998E2
2017-08-01,2017-08-10,别克,昂科威,3,0.2699E2
2017-08-05,2017-08-10,别克,昂科威,3,0.2088E2
2017-07-14,2017-08-09,别克,昂科威,3,0.1849E2
2017-07-14,2017-08-09,别克,昂科威,3,0.185E2
2017-07-11,2017-08-09,别克,昂科威,3,0.238E2
2017-07-14,2017-08-09,别克,昂科威,3,0.23E2
2017-07-14,2017-08-09,别克,昂科威,3,0.1849E2
2017-07-23,2017-08-09,别克,昂科威,3,0.185E2
2017-07-17,2017-08-09,别克,昂科威,3,0.1968E2
2017-07-25,2017-08-09,别克,昂科威,3,0.185E2
2017-08-08,2017-08-09,别克,昂科威,3,0.1969E2
2017-07-27,2017-08-08,别克,昂科威,3,0.18E2
2017-07-27,2017-08-08,别克,昂科威,3,0.18E2
2017-07-25,2017-08-08,别克,昂科威,3,0.175E2
2017-07-21,2017-08-08,别克,昂科威,3,0.195E2
2017-07-25,2017-08-08,别克,昂科威,3,0.175E2
2017-07-21,2017-08-08,别克,昂科威,3,0.195E2
2017-07-21,2017-08-08,别克,昂科威,3,0.195E2
2017-07-30,2017-08-08,别克,昂科威,3,0.238E2
2017-07-31,2017-08-08,别克,昂科威,3,0.1968E2
2017-06-23,2017-08-07,别克,昂科威,3,0.2689E2
2017-07-16,2017-08-07,别克,昂科威,3,0.1758E2
2017-07-16,2017-08-07,别克,昂科威,3,0.1758E2
2017-07-05,2017-08-07,别克,昂科威,3,0.21E2
2017-07-26,2017-08-06,别克,昂科威,3,0.185E2
2017-07-20,2017-08-06,别克,昂科威,3,0.2638E2
2017-07-20,2017-08-06,别克,昂科威,3,0.2568E2
2017-07-20,2017-08-06,别克,昂科威,3,0.2568E2
2017-07-20,2017-08-06,别克,昂科威,3,0.2568E2
2017-07-27,2017-08-06,别克,昂科威,3,0.232E2
2017-07-14,2017-08-06,别克,昂科威,3,0.215E2
2017-07-15,2017-08-06,别克,昂科威,3,0.1899E2
2017-08-04,2017-08-06,别克,昂科威,3,0.1797E2
2017-08-02,2017-08-06,别克,昂科威,3,0.1898E2
2017-08-03,2017-08-06,别克,昂科威,3,0.198E2
2017-08-03,2017-08-06,别克,昂科威,3,0.25E2
2017-08-01,2017-08-06,别克,昂科威,3,0.185E2
2017-06-05,2017-08-05,别克,昂科威,3,0.238E2
2017-06-27,2017-08-05,别克,昂科威,3,0.179E2
2017-07-07,2017-08-05,别克,昂科威,3,0.263E2
2017-07-09,2017-08-05,别克,昂科威,3,0.238E2
2017-07-14,2017-08-05,别克,昂科威,3,0.1788E2
2017-07-26,2017-08-05,别克,昂科威,3,0.25E2
2017-07-26,2017-08-05,别克,昂科威,3,0.2458E2
2017-07-27,2017-08-05,别克,昂科威,3,0.218E2
2017-07-25,2017-08-05,别克,昂科威,3,0.24E2
2017-08-02,2017-08-05,别克,昂科威,3,0.1988E2
2017-06-12,2017-08-04,别克,昂科威,3,0.168E2
2017-07-25,2017-08-04,别克,昂科威,3,0.219E2
2017-07-11,2017-08-04,别克,昂科威,3,0.1998E2
2017-07-10,2017-08-04,别克,昂科威,3,0.2158E2
2017-07-25,2017-08-04,别克,昂科威,3,0.179E2
2017-07-14,2017-08-04,别克,昂科威,3,0.1788E2
2017-07-27,2017-08-04,别克,昂科威,3,0.21E2
2017-07-25,2017-08-04,别克,昂科威,3,0.219E2
2017-07-31,2017-08-04,别克,昂科威,3,0.2038E2
2017-07-26,2017-08-04,别克,昂科威,3,0.2458E2
2017-07-17,2017-08-04,别克,昂科威,3,0.2288E2
2017-07-21,2017-08-04,别克,昂科威,3,0.1958E2
2017-07-26,2017-08-04,别克,昂科威,3,0.189E2
2017-07-26,2017-08-04,别克,昂科威,3,0.2458E2
2017-08-02,2017-08-04,别克,昂科威,3,0.1888E2
2017-07-04,2017-08-03,别克,昂科威,3,0.178E2
2017-07-16,2017-08-03,别克,昂科威,3,0.192E2
2017-07-18,2017-08-03,别克,昂科威,3,0.185E2
2017-07-24,2017-08-03,别克,昂科威,3,0.1868E2
2017-08-01,2017-08-03,别克,昂科威,3,0.2046E2
2017-07-04,2017-08-02,别克,昂科威,3,0.22E2
2017-07-09,2017-08-02,别克,昂科威,3,0.238E2
2017-07-14,2017-08-02,别克,昂科威,3,0.1988E2
2017-07-27,2017-08-02,别克,昂科威,3,0.232E2
2017-07-07,2017-08-02,别克,昂科威,3,0.2295E2
2017-07-10,2017-08-02,别克,昂科威,3,0.199E2
2017-07-18,2017-08-02,别克,昂科威,3,0.188E2
2017-07-31,2017-08-02,别克,昂科威,3,0.195E2
2017-07-29,2017-08-02,别克,昂科威,3,0.232E2
2017-08-01,2017-08-02,别克,昂科威,3,0.1855E2
2017-08-02,2017-08-02,别克,昂科威,3,0.225E2
2017-07-28,2017-08-01,别克,昂科威,3,0.199E2
2017-07-27,2017-08-01,别克,昂科威,3,0.228E2
2017-07-22,2017-08-01,别克,昂科威,3,0.18E2
2017-07-13,2017-08-01,别克,昂科威,3,0.2192E2
2017-07-21,2017-08-01,别克,昂科威,3,0.2058E2
2017-07-26,2017-08-01,别克,昂科威,3,0.27E2
2017-07-11,2017-08-01,别克,昂科威,3,0.225E2
2017-07-27,2017-08-01,别克,昂科威,3,0.228E2
2017-07-29,2017-08-01,别克,昂科威,3,0.188E2
2017-07-21,2017-08-01,别克,昂科威,3,0.188E2
2017-07-31,2017-08-01,别克,昂科威,3,0.195E2
2017-07-31,2017-08-01,别克,昂科威,3,0.195E2
2017-07-27,2017-08-01,别克,昂科威,3,0.232E2
2017-07-27,2017-08-01,别克,昂科威,3,0.228E2
2017-07-24,2017-08-01,别克,昂科威,3,0.1939E2
2017-07-24,2017-08-01,别克,昂科威,3,0.209E2
2017-07-27,2017-08-01,别克,昂科威,3,0.228E2
2017-07-18,2017-07-31,别克,昂科威,3,0.192E2
2017-07-23,2017-07-31,别克,昂科威,3,0.184E2
2017-07-10,2017-07-31,别克,昂科威,3,0.2238E2
2017-07-25,2017-07-31,别克,昂科威,3,0.1998E2
2017-06-16,2017-07-30,别克,昂科威,3,0.269E2
2017-06-15,2017-07-30,别克,昂科威,3,0.2038E2
2017-06-21,2017-07-30,别克,昂科威,3,0.19E2
2017-06-29,2017-07-30,别克,昂科威,3,0.2448E2
2017-07-21,2017-07-30,别克,昂科威,3,0.192E2
2017-07-06,2017-07-30,别克,昂科威,3,0.2066E2
2017-07-11,2017-07-30,别克,昂科威,3,0.198E2
2017-07-11,2017-07-30,别克,昂科威,3,0.2258E2
2017-07-20,2017-07-30,别克,昂科威,3,0.2318E2
2017-07-20,2017-07-30,别克,昂科威,3,0.2318E2
2017-07-27,2017-07-29,别克,昂科威,3,0.201E2
2017-07-17,2017-07-29,别克,昂科威,3,0.199E2
2017-07-04,2017-07-29,别克,昂科威,3,0.215E2
2017-07-17,2017-07-29,别克,昂科威,3,0.199E2
2017-07-18,2017-07-29,别克,昂科威,3,0.2471E2
2017-07-19,2017-07-29,别克,昂科威,3,0.198E2
2017-07-26,2017-07-29,别克,昂科威,3,0.248E2
2017-06-28,2017-07-28,别克,昂科威,3,0.1978E2
2017-07-05,2017-07-28,别克,昂科威,3,0.178E2
2017-07-15,2017-07-28,别克,昂科威,3,0.1972E2
2017-07-13,2017-07-28,别克,昂科威,3,0.1788E2
2017-07-12,2017-07-28,别克,昂科威,3,0.2258E2
2017-07-12,2017-07-28,别克,昂科威,3,0.2258E2
2017-07-18,2017-07-28,别克,昂科威,3,0.245E2
2017-07-19,2017-07-27,别克,昂科威,3,0.198E2
2017-07-01,2017-07-27,别克,昂科威,3,0.2099E2
2017-07-03,2017-07-27,别克,昂科威,3,0.21E2
2017-07-08,2017-07-27,别克,昂科威,3,0.193E2
2017-07-03,2017-07-27,别克,昂科威,3,0.21E2
2017-07-03,2017-07-27,别克,昂科威,3,0.21E2
2017-07-12,2017-07-27,别克,昂科威,3,0.2198E2
2017-07-18,2017-07-27,别克,昂科威,3,0.2198E2
2017-07-20,2017-07-27,别克,昂科威,3,0.212E2
2017-07-25,2017-07-27,别克,昂科威,3,0.17E2
2017-07-10,2017-07-27,别克,昂科威,3,0.2399E2
2017-07-22,2017-07-27,别克,昂科威,3,0.1975E2
2017-07-15,2017-07-27,别克,昂科威,3,0.1968E2
2017-07-19,2017-07-27,别克,昂科威,3,0.21E2
2017-06-27,2017-07-26,别克,昂科威,3,0.1788E2
2017-06-30,2017-07-26,别克,昂科威,3,0.237E2
2017-07-17,2017-07-26,别克,昂科威,3,0.2288E2
2017-07-18,2017-07-26,别克,昂科威,3,0.198E2
2017-07-18,2017-07-26,别克,昂科威,3,0.203E2
2017-07-15,2017-07-26,别克,昂科威,3,0.225E2
2017-07-10,2017-07-26,别克,昂科威,3,0.237E2
2017-07-16,2017-07-26,别克,昂科威,3,0.183E2
2017-07-12,2017-07-26,别克,昂科威,3,0.2258E2
2017-07-13,2017-07-26,别克,昂科威,3,0.268E2
2017-07-15,2017-07-26,别克,昂科威,3,0.2238E2
2017-06-30,2017-07-25,别克,昂科威,3,0.246E2
2017-06-30,2017-07-25,别克,昂科威,3,0.2108E2
2017-07-01,2017-07-25,别克,昂科威,3,0.1898E2
2017-07-17,2017-07-25,别克,昂科威,3,0.238E2
2017-07-08,2017-07-25,别克,昂科威,3,0.198E2
2017-07-13,2017-07-25,别克,昂科威,3,0.2488E2
2017-07-10,2017-07-25,别克,昂科威,3,0.196E2
2017-07-12,2017-07-25,别克,昂科威,3,0.2198E2
2017-07-23,2017-07-25,别克,昂科威,3,0.196E2
2017-06-30,2017-07-24,别克,昂科威,3,0.198E2
2017-06-28,2017-07-24,别克,昂科威,3,0.2108E2
2017-07-05,2017-07-24,别克,昂科威,3,0.187E2
2017-07-05,2017-07-24,别克,昂科威,3,0.187E2
2017-07-13,2017-07-24,别克,昂科威,3,0.183E2
2017-07-09,2017-07-24,别克,昂科威,3,0.205E2
2017-07-12,2017-07-24,别克,昂科威,3,0.2E2
2017-07-06,2017-07-24,别克,昂科威,3,0.19E2
2017-07-06,2017-07-24,别克,昂科威,3,0.19E2
2017-07-15,2017-07-24,别克,昂科威,3,0.225E2
2017-07-20,2017-07-24,别克,昂科威,3,0.2099E2
2017-06-24,2017-07-22,别克,昂科威,3,0.2058E2
2017-07-07,2017-07-22,别克,昂科威,3,0.2585E2
2017-07-17,2017-07-22,别克,昂科威,3,0.258E2
2017-07-10,2017-07-22,别克,昂科威,3,0.248E2
2017-07-05,2017-07-22,别克,昂科威,3,0.219E2
2017-06-30,2017-07-21,别克,昂科威,3,0.198E2
2017-06-25,2017-07-21,别克,昂科威,3,0.208E2
2017-07-09,2017-07-21,别克,昂科威,3,0.1858E2
2017-07-07,2017-07-21,别克,昂科威,3,0.1838E2
2017-07-11,2017-07-21,别克,昂科威,3,0.191E2
2017-07-18,2017-07-21,别克,昂科威,3,0.188E2
2017-07-16,2017-07-21,别克,昂科威,3,0.1828E2
2017-07-04,2017-07-21,别克,昂科威,3,0.219E2
2017-07-11,2017-07-21,别克,昂科威,3,0.2258E2
2017-07-18,2017-07-21,别克,昂科威,3,0.21E2
2017-07-04,2017-07-21,别克,昂科威,3,0.1968E2
2017-07-21,2017-07-21,别克,昂科威,3,0.2799E2
2017-06-30,2017-07-20,别克,昂科威,3,0.198E2
2017-06-30,2017-07-20,别克,昂科威,3,0.243E2
2017-07-05,2017-07-20,别克,昂科威,3,0.1699E2
2017-07-04,2017-07-20,别克,昂科威,3,0.188E2
2017-07-08,2017-07-20,别克,昂科威,3,0.1861E2
2017-07-09,2017-07-20,别克,昂科威,3,0.1968E2
2017-04-17,2017-07-19,别克,昂科威,3,0.265E2
2017-05-24,2017-07-19,别克,昂科威,3,0.1798E2
2017-06-22,2017-07-19,别克,昂科威,3,0.255E2
2017-06-09,2017-07-19,别克,昂科威,3,0.198E2
2017-06-30,2017-07-19,别克,昂科威,3,0.232E2
2017-06-23,2017-07-19,别克,昂科威,3,0.198E2
2017-06-27,2017-07-19,别克,昂科威,3,0.175E2
2017-06-16,2017-07-19,别克,昂科威,3,0.2358E2
2017-07-10,2017-07-19,别克,昂科威,3,0.1988E2
2017-07-10,2017-07-19,别克,昂科威,3,0.1988E2
2017-07-16,2017-07-19,别克,昂科威,3,0.2188E2
2017-07-14,2017-07-19,别克,昂科威,3,0.2135E2
2017-07-19,2017-07-19,别克,昂科威,3,0.213E2
2017-05-19,2017-07-18,别克,昂科威,3,0.2415E2
2017-06-09,2017-07-18,别克,昂科威,3,0.198E2
2017-06-14,2017-07-18,别克,昂科威,3,0.208E2
2017-06-23,2017-07-18,别克,昂科威,3,0.179E2
2017-06-24,2017-07-18,别克,昂科威,3,0.208E2
2017-06-24,2017-07-18,别克,昂科威,3,0.2498E2
2017-06-26,2017-07-18,别克,昂科威,3,0.238E2
2017-07-12,2017-07-18,别克,昂科威,3,0.18E2
2017-07-01,2017-07-18,别克,昂科威,3,0.208E2
2017-07-14,2017-07-18,别克,昂科威,3,0.2101E2
2017-07-07,2017-07-18,别克,昂科威,3,0.189E2
2017-07-15,2017-07-18,别克,昂科威,3,0.1877E2
2017-07-09,2017-07-18,别克,昂科威,3,0.205E2
2017-07-07,2017-07-18,别克,昂科威,3,0.1938E2
2017-03-08,2017-07-17,别克,昂科威,3,0.1918E2
2017-05-21,2017-07-17,别克,昂科威,3,0.2058E2
2017-06-27,2017-07-17,别克,昂科威,3,0.175E2
2017-06-27,2017-07-17,别克,昂科威,3,0.2198E2
2017-06-26,2017-07-17,别克,昂科威,3,0.188E2
2017-07-08,2017-07-17,别克,昂科威,3,0.176E2
2017-07-03,2017-07-17,别克,昂科威,3,0.21E2
2017-05-20,2017-07-16,别克,昂科威,3,0.1988E2
2017-06-29,2017-07-16,别克,昂科威,3,0.1968E2
2017-06-14,2017-07-16,别克,昂科威,3,0.208E2
2017-06-05,2017-07-16,别克,昂科威,3,0.213E2
2017-07-11,2017-07-16,别克,昂科威,3,0.1998E2
2017-07-12,2017-07-16,别克,昂科威,3,0.223E2
2017-07-06,2017-07-15,别克,昂科威,3,0.1938E2
2017-07-06,2017-07-15,别克,昂科威,3,0.22E2
2017-07-05,2017-07-15,别克,昂科威,3,0.2198E2
2017-07-10,2017-07-15,别克,昂科威,3,0.1923E2
2017-06-20,2017-07-14,别克,昂科威,3,0.179E2
2017-06-30,2017-07-14,别克,昂科威,3,0.2136E2
2017-06-28,2017-07-14,别克,昂科威,3,0.24E2
2017-06-30,2017-07-14,别克,昂科威,3,0.195E2
2017-06-28,2017-07-14,别克,昂科威,3,0.185E2
2017-06-30,2017-07-14,别克,昂科威,3,0.18E2
2017-07-10,2017-07-14,别克,昂科威,3,0.1888E2
2017-07-10,2017-07-14,别克,昂科威,3,0.2399E2
2017-07-10,2017-07-14,别克,昂科威,3,0.2399E2
2017-07-01,2017-07-14,别克,昂科威,3,0.2198E2
2017-04-13,2017-07-13,别克,昂科威,3,0.1998E2
2017-05-15,2017-07-13,别克,昂科威,3,0.19E2
2017-06-07,2017-07-13,别克,昂科威,3,0.208E2
2017-06-18,2017-07-13,别克,昂科威,3,0.189E2
2017-06-12,2017-07-13,别克,昂科威,3,0.199E2
2017-06-11,2017-07-13,别克,昂科威,3,0.198E2
2017-06-30,2017-07-13,别克,昂科威,3,0.24E2
2017-06-12,2017-07-13,别克,昂科威,3,0.198E2
2017-06-19,2017-07-13,别克,昂科威,3,0.2198E2
2017-06-19,2017-07-13,别克,昂科威,3,0.203E2
2017-06-28,2017-07-13,别克,昂科威,3,0.206E2
2017-06-16,2017-07-13,别克,昂科威,3,0.1928E2
2017-06-14,2017-07-13,别克,昂科威,3,0.2198E2
2017-06-23,2017-07-13,别克,昂科威,3,0.18E2
2017-07-09,2017-07-13,别克,昂科威,3,0.1928E2
2017-07-03,2017-07-13,别克,昂科威,3,0.205E2
2017-07-05,2017-07-13,别克,昂科威,3,0.2568E2
2017-07-10,2017-07-13,别克,昂科威,3,0.1642E2
2017-07-02,2017-07-13,别克,昂科威,3,0.2548E2
2017-06-26,2017-07-12,别克,昂科威,3,0.238E2
2017-06-12,2017-07-12,别克,昂科威,3,0.199E2
2017-06-11,2017-07-12,别克,昂科威,3,0.198E2
2017-06-26,2017-07-12,别克,昂科威,3,0.186E2
2017-07-09,2017-07-12,别克,昂科威,3,0.188E2
2017-07-10,2017-07-12,别克,昂科威,3,0.2399E2
2017-07-12,2017-07-12,别克,昂科威,3,0.223E2
2017-07-08,2017-07-12,别克,昂科威,3,0.165E2
2017-05-17,2017-07-11,别克,昂科威,3,0.2258E2
2017-06-21,2017-07-11,别克,昂科威,3,0.182E2
2017-06-20,2017-07-11,别克,昂科威,3,0.182E2
2017-06-21,2017-07-11,别克,昂科威,3,0.2688E2
2017-06-23,2017-07-11,别克,昂科威,3,0.239E2
2017-06-26,2017-07-11,别克,昂科威,3,0.238E2
2017-06-20,2017-07-11,别克,昂科威,3,0.2068E2
2017-06-17,2017-07-11,别克,昂科威,3,0.2358E2
2017-07-07,2017-07-11,别克,昂科威,3,0.1968E2
2017-07-05,2017-07-11,别克,昂科威,3,0.185E2
2017-07-05,2017-07-11,别克,昂科威,3,0.211E2
2017-05-19,2017-07-10,别克,昂科威,3,0.1768E2
2017-06-24,2017-07-10,别克,昂科威,3,0.239E2
2017-06-23,2017-07-10,别克,昂科威,3,0.239E2
2017-06-12,2017-07-10,别克,昂科威,3,0.21E2
2017-07-09,2017-07-10,别克,昂科威,3,0.2288E2
2017-07-01,2017-07-10,别克,昂科威,3,0.1858E2
2017-07-03,2017-07-10,别克,昂科威,3,0.2398E2
2017-07-07,2017-07-10,别克,昂科威,3,0.2585E2
2017-06-09,2017-07-09,别克,昂科威,3,0.168E2
2017-07-06,2017-07-09,别克,昂科威,3,0.1831E2
2017-07-09,2017-07-09,别克,昂科威,3,0.2437E2
2017-04-28,2017-07-08,别克,昂科威,3,0.17E2
2017-06-29,2017-07-08,别克,昂科威,3,0.21E2
2017-06-30,2017-07-08,别克,昂科威,3,0.198E2
2017-06-30,2017-07-08,别克,昂科威,3,0.212E2
2017-06-27,2017-07-08,别克,昂科威,3,0.225E2
2017-06-03,2017-07-08,别克,昂科威,3,0.22E2
2017-06-12,2017-07-08,别克,昂科威,3,0.2198E2
2017-07-06,2017-07-08,别克,昂科威,3,0.216E2
2017-04-18,2017-07-07,别克,昂科威,3,0.188E2
2017-05-31,2017-07-07,别克,昂科威,3,0.188E2
2017-06-08,2017-07-07,别克,昂科威,3,0.215E2
2017-06-14,2017-07-07,别克,昂科威,3,0.28E2
2017-06-18,2017-07-07,别克,昂科威,3,0.179E2
2017-06-20,2017-07-07,别克,昂科威,3,0.2068E2
2017-06-08,2017-07-07,别克,昂科威,3,0.198E2
2017-06-08,2017-07-07,别克,昂科威,3,0.23E2
2017-06-21,2017-07-07,别克,昂科威,3,0.2E2
2017-06-13,2017-07-07,别克,昂科威,3,0.2058E2
2017-06-13,2017-07-07,别克,昂科威,3,0.2338E2
2017-06-09,2017-07-07,别克,昂科威,3,0.2998E2
2017-06-19,2017-07-07,别克,昂科威,3,0.22E2
2017-06-30,2017-07-07,别克,昂科威,3,0.258E2
2017-06-07,2017-07-07,别克,昂科威,3,0.175E2
2017-06-28,2017-07-07,别克,昂科威,3,0.185E2
2017-06-28,2017-07-07,别克,昂科威,3,0.185E2
2017-06-18,2017-07-07,别克,昂科威,3,0.218E2
2017-06-07,2017-07-07,别克,昂科威,3,0.198E2
2017-06-29,2017-07-07,别克,昂科威,3,0.1899E2
2017-06-19,2017-07-07,别克,昂科威,3,0.22E2
2017-06-19,2017-07-07,别克,昂科威,3,0.225E2
2017-07-01,2017-07-06,别克,昂科威,3,0.203E2
2017-07-02,2017-07-06,别克,昂科威,3,0.215E2
2017-07-02,2017-07-05,别克,昂科威,3,0.2688E2
2017-04-22,2017-07-04,别克,昂科威,3,0.268E2
2017-06-07,2017-07-04,别克,昂科威,3,0.2188E2
2017-06-17,2017-07-04,别克,昂科威,3,0.255E2
2017-06-05,2017-07-04,别克,昂科威,3,0.205E2
2017-06-07,2017-07-04,别克,昂科威,3,0.205E2
2017-06-07,2017-07-04,别克,昂科威,3,0.2188E2
2017-06-06,2017-07-04,别克,昂科威,3,0.2375E2
2017-06-09,2017-07-04,别克,昂科威,3,0.185E2
2017-06-09,2017-07-04,别克,昂科威,3,0.185E2
2017-06-09,2017-07-04,别克,昂科威,3,0.198E2
2017-06-09,2017-07-04,别克,昂科威,3,0.2188E2
2017-06-13,2017-07-04,别克,昂科威,3,0.28E2
2017-07-01,2017-07-04,别克,昂科威,3,0.253E2
2017-03-19,2017-07-03,别克,昂科威,3,0.2298E2
2017-06-08,2017-07-03,别克,昂科威,3,0.1968E2
2017-06-10,2017-07-03,别克,昂科威,3,0.192E2
2017-06-06,2017-07-03,别克,昂科威,3,0.2098E2
2017-06-27,2017-07-03,别克,昂科威,3,0.209E2
2017-06-07,2017-07-03,别克,昂科威,3,0.198E2
2017-06-22,2017-07-03,别克,昂科威,3,0.1698E2
2017-06-25,2017-07-03,别克,昂科威,3,0.206E2
2017-06-30,2017-07-03,别克,昂科威,3,0.268E2
2017-06-17,2017-07-03,别克,昂科威,3,0.1828E2
2017-06-11,2017-07-03,别克,昂科威,3,0.235E2
2017-06-29,2017-07-03,别克,昂科威,3,0.1928E2
2017-06-10,2017-07-03,别克,昂科威,3,0.2188E2
2017-06-10,2017-07-03,别克,昂科威,3,0.2188E2
2017-05-06,2017-07-02,别克,昂科威,3,0.218E2
2017-06-16,2017-07-02,别克,昂科威,3,0.215E2
2017-06-19,2017-07-02,别克,昂科威,3,0.1799E2
2017-06-29,2017-07-02,别克,昂科威,3,0.2288E2
2017-06-24,2017-07-02,别克,昂科威,3,0.229E2
2017-06-03,2017-07-02,别克,昂科威,3,0.203E2
2017-06-24,2017-07-02,别克,昂科威,3,0.2058E2
2017-06-07,2017-07-02,别克,昂科威,3,0.1968E2
2017-06-30,2017-07-02,别克,昂科威,3,0.21E2
2017-06-02,2017-07-02,别克,昂科威,3,0.168E2
2017-04-29,2017-07-01,别克,昂科威,3,0.268E2
2017-05-17,2017-07-01,别克,昂科威,3,0.255E2
2017-05-21,2017-07-01,别克,昂科威,3,0.2128E2
2017-05-12,2017-07-01,别克,昂科威,3,0.18E2
2017-06-01,2017-07-01,别克,昂科威,3,0.24E2
2017-06-02,2017-07-01,别克,昂科威,3,0.168E2
2017-06-21,2017-07-01,别克,昂科威,3,0.218E2
2017-06-13,2017-07-01,别克,昂科威,3,0.1888E2
2017-06-02,2017-07-01,别克,昂科威,3,0.258E2
2017-06-06,2017-07-01,别克,昂科威,3,0.1958E2
2017-06-22,2017-07-01,别克,昂科威,3,0.195E2
2017-04-24,2017-06-30,别克,昂科威,3,0.21E2
2017-05-05,2017-06-30,别克,昂科威,3,0.205E2
2017-06-12,2017-06-30,别克,昂科威,3,0.215E2
2017-06-29,2017-06-30,别克,昂科威,3,0.19E2
2017-06-13,2017-06-30,别克,昂科威,3,0.2168E2
2017-04-13,2017-06-29,别克,昂科威,3,0.18E2
2017-05-22,2017-06-29,别克,昂科威,3,0.205E2
2017-06-16,2017-06-29,别克,昂科威,3,0.242E2
2017-06-11,2017-06-29,别克,昂科威,3,0.17E2
2017-06-25,2017-06-29,别克,昂科威,3,0.1588E2
2017-06-29,2017-06-29,别克,昂科威,3,0.21E2
2017-06-17,2017-06-29,别克,昂科威,3,0.206E2
2017-06-21,2017-06-29,别克,昂科威,3,0.218E2
2017-06-22,2017-06-29,别克,昂科威,3,0.21E2
2017-04-19,2017-06-28,别克,昂科威,3,0.2298E2
2017-05-09,2017-06-28,别克,昂科威,3,0.255E2
2017-06-23,2017-06-28,别克,昂科威,3,0.2038E2
2017-06-18,2017-06-28,别克,昂科威,3,0.198E2
2017-06-28,2017-06-28,别克,昂科威,3,0.1649E2
2017-06-07,2017-06-28,别克,昂科威,3,0.197E2
2017-06-22,2017-06-28,别克,昂科威,3,0.1948E2
2017-06-22,2017-06-28,别克,昂科威,3,0.1988E2
2017-06-13,2017-06-28,别克,昂科威,3,0.175E2
2017-06-10,2017-06-28,别克,昂科威,3,0.18E2
2017-04-03,2017-06-27,别克,昂科威,3,0.174E2
2017-05-26,2017-06-27,别克,昂科威,3,0.2138E2
2017-05-13,2017-06-27,别克,昂科威,3,0.2098E2
2017-06-11,2017-06-27,别克,昂科威,3,0.19E2
2017-06-19,2017-06-27,别克,昂科威,3,0.1875E2
2017-06-07,2017-06-27,别克,昂科威,3,0.185E2
2017-06-17,2017-06-27,别克,昂科威,3,0.265E2
2017-06-08,2017-06-27,别克,昂科威,3,0.1938E2
2017-06-18,2017-06-27,别克,昂科威,3,0.195E2
2017-06-09,2017-06-27,别克,昂科威,3,0.21E2
2017-04-13,2017-06-26,别克,昂科威,3,0.21E2
2017-05-19,2017-06-26,别克,昂科威,3,0.26E2
2017-05-09,2017-06-26,别克,昂科威,3,0.268E2
2017-05-29,2017-06-26,别克,昂科威,3,0.27E2
2017-06-20,2017-06-26,别克,昂科威,3,0.182E2
2017-06-09,2017-06-26,别克,昂科威,3,0.21E2
2017-06-23,2017-06-26,别克,昂科威,3,0.2038E2
2017-06-11,2017-06-26,别克,昂科威,3,0.245E2
2017-06-07,2017-06-26,别克,昂科威,3,0.185E2
2017-06-12,2017-06-25,别克,昂科威,3,0.22E2
2017-06-25,2017-06-25,别克,昂科威,3,0.17E2
2017-06-20,2017-06-25,别克,昂科威,3,0.202E2
2017-06-24,2017-06-25,别克,昂科威,3,0.2488E2
2017-06-22,2017-06-25,别克,昂科威,3,0.195E2
2017-04-25,2017-06-24,别克,昂科威,3,0.216E2
2017-05-03,2017-06-24,别克,昂科威,3,0.1758E2
2017-05-25,2017-06-24,别克,昂科威,3,0.24E2
2017-06-07,2017-06-24,别克,昂科威,3,0.253E2
2017-06-22,2017-06-24,别克,昂科威,3,0.185E2
2017-06-03,2017-06-24,别克,昂科威,3,0.195E2
2017-06-20,2017-06-24,别克,昂科威,3,0.18E2
2017-06-24,2017-06-24,别克,昂科威,3,0.229E2
2017-06-20,2017-06-24,别克,昂科威,3,0.188E2
2017-04-27,2017-06-23,别克,昂科威,3,0.22E2
2017-05-12,2017-06-23,别克,昂科威,3,0.218E2
2017-06-20,2017-06-23,别克,昂科威,3,0.1975E2
2017-06-15,2017-06-23,别克,昂科威,3,0.228E2
2017-06-08,2017-06-23,别克,昂科威,3,0.208E2
2017-06-14,2017-06-23,别克,昂科威,3,0.2188E2
2017-06-11,2017-06-23,别克,昂科威,3,0.1998E2
2017-06-20,2017-06-23,别克,昂科威,3,0.188E2
2017-06-23,2017-06-23,别克,昂科威,3,0.253E2
2017-06-16,2017-06-23,别克,昂科威,3,0.2E2
2017-04-06,2017-06-22,别克,昂科威,3,0.228E2
2017-04-10,2017-06-22,别克,昂科威,3,0.198E2
2017-04-21,2017-06-22,别克,昂科威,3,0.199E2
2017-04-12,2017-06-22,别克,昂科威,3,0.205E2
2017-05-21,2017-06-22,别克,昂科威,3,0.195E2
2017-05-27,2017-06-22,别克,昂科威,3,0.205E2
2017-05-07,2017-06-22,别克,昂科威,3,0.2E2
2017-05-26,2017-06-22,别克,昂科威,3,0.1899E2
2017-05-23,2017-06-22,别克,昂科威,3,0.1898E2
2017-05-22,2017-06-22,别克,昂科威,3,0.2445E2
2017-05-26,2017-06-22,别克,昂科威,3,0.1899E2
2017-05-24,2017-06-22,别克,昂科威,3,0.208E2
2017-05-09,2017-06-22,别克,昂科威,3,0.205E2
2017-05-23,2017-06-22,别克,昂科威,3,0.276E2
2017-06-08,2017-06-22,别克,昂科威,3,0.1938E2
2017-06-03,2017-06-22,别克,昂科威,3,0.195E2
2017-06-11,2017-06-22,别克,昂科威,3,0.2398E2
2017-06-19,2017-06-22,别克,昂科威,3,0.2E2
2017-06-12,2017-06-22,别克,昂科威,3,0.228E2
2017-06-07,2017-06-22,别克,昂科威,3,0.2298E2
2017-06-13,2017-06-22,别克,昂科威,3,0.23E2
2017-06-08,2017-06-22,别克,昂科威,3,0.1938E2
2017-06-01,2017-06-22,别克,昂科威,3,0.19E2
2017-06-08,2017-06-22,别克,昂科威,3,0.218E2
2017-04-24,2017-06-21,别克,昂科威,3,0.235E2
2017-04-12,2017-06-21,别克,昂科威,3,0.208E2
2017-05-26,2017-06-21,别克,昂科威,3,0.268E2
2017-05-24,2017-06-21,别克,昂科威,3,0.22E2
2017-06-11,2017-06-21,别克,昂科威,3,0.27E2
2017-06-02,2017-06-21,别克,昂科威,3,0.1699E2
2017-04-24,2017-06-20,别克,昂科威,3,0.288E2
2017-05-21,2017-06-20,别克,昂科威,3,0.23E2
2017-05-22,2017-06-20,别克,昂科威,3,0.245E2
2017-05-21,2017-06-20,别克,昂科威,3,0.196E2
2017-05-23,2017-06-20,别克,昂科威,3,0.248E2
2017-05-15,2017-06-20,别克,昂科威,3,0.188E2
2017-05-29,2017-06-20,别克,昂科威,3,0.2222E2
2017-06-01,2017-06-20,别克,昂科威,3,0.2038E2
2017-06-16,2017-06-20,别克,昂科威,3,0.2499E2
2017-06-20,2017-06-20,别克,昂科威,3,0.1898E2
2017-06-01,2017-06-20,别克,昂科威,3,0.2378E2
2017-06-05,2017-06-20,别克,昂科威,3,0.2622E2
2017-04-26,2017-06-19,别克,昂科威,3,0.2288E2
2017-05-30,2017-06-19,别克,昂科威,3,0.22E2
2017-05-17,2017-06-19,别克,昂科威,3,0.205E2
2017-06-01,2017-06-19,别克,昂科威,3,0.2458E2
2017-06-06,2017-06-19,别克,昂科威,3,0.24E2
2017-06-14,2017-06-19,别克,昂科威,3,0.24E2
2017-06-16,2017-06-19,别克,昂科威,3,0.16E2
2017-06-02,2017-06-19,别克,昂科威,3,0.177E2
2017-06-11,2017-06-19,别克,昂科威,3,0.225E2
2017-06-11,2017-06-19,别克,昂科威,3,0.238E2
2017-06-13,2017-06-19,别克,昂科威,3,0.177E2
2017-06-12,2017-06-19,别克,昂科威,3,0.2288E2
2017-03-22,2017-06-18,别克,昂科威,3,0.19E2
2017-05-24,2017-06-18,别克,昂科威,3,0.207E2
2017-05-04,2017-06-18,别克,昂科威,3,0.1939E2
2017-05-18,2017-06-18,别克,昂科威,3,0.185E2
2017-05-31,2017-06-18,别克,昂科威,3,0.1968E2
2017-05-20,2017-06-18,别克,昂科威,3,0.1899E2
2017-05-26,2017-06-18,别克,昂科威,3,0.1868E2
2017-05-18,2017-06-18,别克,昂科威,3,0.222E2
2017-05-04,2017-06-18,别克,昂科威,3,0.218E2
2017-05-26,2017-06-18,别克,昂科威,3,0.238E2
2017-06-07,2017-06-18,别克,昂科威,3,0.2E2
2017-06-07,2017-06-18,别克,昂科威,3,0.206E2
2017-06-08,2017-06-18,别克,昂科威,3,0.17E2
2017-06-08,2017-06-18,别克,昂科威,3,0.2158E2
2017-06-08,2017-06-18,别克,昂科威,3,0.2038E2
2017-06-02,2017-06-18,别克,昂科威,3,0.178E2
2017-04-23,2017-06-17,别克,昂科威,3,0.19E2
2017-04-26,2017-06-17,别克,昂科威,3,0.195E2
2017-05-05,2017-06-17,别克,昂科威,3,0.218E2
2017-05-08,2017-06-17,别克,昂科威,3,0.22E2
2017-05-04,2017-06-17,别克,昂科威,3,0.1939E2
2017-05-04,2017-06-17,别克,昂科威,3,0.1969E2
2017-05-22,2017-06-17,别克,昂科威,3,0.207E2
2017-05-08,2017-06-17,别克,昂科威,3,0.178E2
2017-05-29,2017-06-17,别克,昂科威,3,0.203E2
2017-05-05,2017-06-17,别克,昂科威,3,0.216E2
2017-05-19,2017-06-17,别克,昂科威,3,0.1838E2
2017-05-19,2017-06-17,别克,昂科威,3,0.228E2
2017-05-27,2017-06-17,别克,昂科威,3,0.18E2
2017-05-24,2017-06-17,别克,昂科威,3,0.223E2
2017-06-01,2017-06-17,别克,昂科威,3,0.2378E2
2017-06-16,2017-06-17,别克,昂科威,3,0.1928E2
2017-05-27,2017-06-16,别克,昂科威,3,0.18E2
2017-05-03,2017-06-16,别克,昂科威,3,0.2418E2
2017-05-27,2017-06-16,别克,昂科威,3,0.2401E2
2017-05-03,2017-06-16,别克,昂科威,3,0.205E2
2017-05-10,2017-06-16,别克,昂科威,3,0.205E2
2017-05-04,2017-06-16,别克,昂科威,3,0.195E2
2017-05-19,2017-06-16,别克,昂科威,3,0.19E2
2017-06-08,2017-06-16,别克,昂科威,3,0.239E2
2017-06-08,2017-06-16,别克,昂科威,3,0.1998E2
2017-06-11,2017-06-16,别克,昂科威,3,0.228E2
2017-06-13,2017-06-16,别克,昂科威,3,0.218E2
2017-06-08,2017-06-16,别克,昂科威,3,0.2E2
2017-06-06,2017-06-16,别克,昂科威,3,0.233E2
2017-06-14,2017-06-16,别克,昂科威,3,0.2098E2
2017-03-22,2017-06-15,别克,昂科威,3,0.205E2
2017-05-27,2017-06-15,别克,昂科威,3,0.2428E2
2017-05-05,2017-06-15,别克,昂科威,3,0.218E2
2017-05-08,2017-06-15,别克,昂科威,3,0.1866E2
2017-05-26,2017-06-15,别克,昂科威,3,0.2538E2
2017-05-19,2017-06-15,别克,昂科威,3,0.243E2
2017-05-19,2017-06-15,别克,昂科威,3,0.199E2
2017-06-08,2017-06-15,别克,昂科威,3,0.168E2
2017-06-03,2017-06-15,别克,昂科威,3,0.1786E2
2017-06-01,2017-06-15,别克,昂科威,3,0.256E2
2017-06-09,2017-06-15,别克,昂科威,3,0.258E2
2017-06-15,2017-06-15,别克,昂科威,3,0.178E2
2017-06-01,2017-06-15,别克,昂科威,3,0.1898E2
2017-05-10,2017-06-14,别克,昂科威,3,0.22E2
2017-06-07,2017-06-14,别克,昂科威,3,0.2088E2
2017-06-01,2017-06-14,别克,昂科威,3,0.2E2
2017-06-12,2017-06-14,别克,昂科威,3,0.23E2
2017-06-07,2017-06-14,别克,昂科威,3,0.168E2
2017-06-05,2017-06-14,别克,昂科威,3,0.22E2
2017-06-06,2017-06-14,别克,昂科威,3,0.2358E2
2017-04-18,2017-06-13,别克,昂科威,3,0.253E2
2017-04-08,2017-06-13,别克,昂科威,3,0.21E2
2017-04-17,2017-06-13,别克,昂科威,3,0.213E2
2017-05-19,2017-06-13,别克,昂科威,3,0.1814E2
2017-05-22,2017-06-13,别克,昂科威,3,0.2028E2
2017-05-19,2017-06-13,别克,昂科威,3,0.236E2
2017-05-04,2017-06-13,别克,昂科威,3,0.2288E2
2017-05-14,2017-06-13,别克,昂科威,3,0.2227E2
2017-05-13,2017-06-13,别克,昂科威,3,0.258E2
2017-05-15,2017-06-13,别克,昂科威,3,0.1938E2
2017-05-20,2017-06-13,别克,昂科威,3,0.2098E2
2017-05-22,2017-06-13,别克,昂科威,3,0.25E2
2017-06-06,2017-06-13,别克,昂科威,3,0.2358E2
2017-06-08,2017-06-13,别克,昂科威,3,0.2088E2
2017-06-04,2017-06-13,别克,昂科威,3,0.2358E2
2017-06-02,2017-06-13,别克,昂科威,3,0.1968E2
2017-06-02,2017-06-13,别克,昂科威,3,0.212E2
2017-06-07,2017-06-13,别克,昂科威,3,0.188E2
2017-06-09,2017-06-13,别克,昂科威,3,0.2198E2
2017-06-13,2017-06-13,别克,昂科威,3,0.218E2
2017-06-09,2017-06-13,别克,昂科威,3,0.19E2
2017-05-23,2017-06-12,别克,昂科威,3,0.218E2
2017-05-18,2017-06-12,别克,昂科威,3,0.273E2
2017-05-20,2017-06-12,别克,昂科威,3,0.23E2
2017-05-13,2017-06-12,别克,昂科威,3,0.222E2
2017-05-31,2017-06-12,别克,昂科威,3,0.175E2
2017-05-25,2017-06-12,别克,昂科威,3,0.21E2
2017-05-18,2017-06-12,别克,昂科威,3,0.273E2
2017-05-24,2017-06-12,别克,昂科威,3,0.235E2
2017-05-14,2017-06-12,别克,昂科威,3,0.243E2
2017-05-18,2017-06-12,别克,昂科威,3,0.1968E2
2017-05-19,2017-06-12,别克,昂科威,3,0.256E2
2017-05-22,2017-06-12,别克,昂科威,3,0.1926E2
2017-05-24,2017-06-12,别克,昂科威,3,0.213E2
2017-05-27,2017-06-12,别克,昂科威,3,0.2088E2
2017-06-05,2017-06-12,别克,昂科威,3,0.22E2
2017-06-05,2017-06-12,别克,昂科威,3,0.18E2
2017-06-05,2017-06-12,别克,昂科威,3,0.265E2
2017-06-06,2017-06-12,别克,昂科威,3,0.1849E2
2017-03-20,2017-06-11,别克,昂科威,3,0.195E2
2017-04-29,2017-06-11,别克,昂科威,3,0.1928E2
2017-04-21,2017-06-11,别克,昂科威,3,0.215E2
2017-05-29,2017-06-11,别克,昂科威,3,0.198E2
2017-05-10,2017-06-11,别克,昂科威,3,0.193E2
2017-05-22,2017-06-11,别克,昂科威,3,0.288E2
2017-05-26,2017-06-11,别克,昂科威,3,0.195E2
2017-05-19,2017-06-11,别克,昂科威,3,0.231E2
2017-05-03,2017-06-11,别克,昂科威,3,0.193E2
2017-05-27,2017-06-11,别克,昂科威,3,0.2488E2
2017-05-23,2017-06-11,别克,昂科威,3,0.1938E2
2017-05-05,2017-06-11,别克,昂科威,3,0.1835E2
2017-06-05,2017-06-11,别克,昂科威,3,0.2028E2
2017-06-07,2017-06-11,别克,昂科威,3,0.218E2
2017-06-06,2017-06-11,别克,昂科威,3,0.1954E2
2017-06-05,2017-06-11,别克,昂科威,3,0.189E2
2017-06-07,2017-06-11,别克,昂科威,3,0.2848E2
2017-03-23,2017-06-10,别克,昂科威,3,0.18E2
2017-03-20,2017-06-10,别克,昂科威,3,0.1798E2
2017-04-22,2017-06-10,别克,昂科威,3,0.178E2
2017-04-19,2017-06-10,别克,昂科威,3,0.205E2
2017-04-20,2017-06-10,别克,昂科威,3,0.207E2
2017-05-19,2017-06-10,别克,昂科威,3,0.21E2
2017-05-12,2017-06-10,别克,昂科威,3,0.235E2
2017-05-08,2017-06-10,别克,昂科威,3,0.2798E2
2017-05-13,2017-06-10,别克,昂科威,3,0.2188E2
2017-05-26,2017-06-10,别克,昂科威,3,0.273E2
2017-05-26,2017-06-10,别克,昂科威,3,0.2282E2
2017-05-16,2017-06-10,别克,昂科威,3,0.19E2
2017-05-14,2017-06-10,别克,昂科威,3,0.218E2
2017-05-25,2017-06-10,别克,昂科威,3,0.198E2
2017-05-24,2017-06-10,别克,昂科威,3,0.213E2
2017-05-14,2017-06-10,别克,昂科威,3,0.226E2
2017-05-13,2017-06-10,别克,昂科威,3,0.226E2
2017-05-22,2017-06-10,别克,昂科威,3,0.1988E2
2017-05-22,2017-06-10,别克,昂科威,3,0.2058E2
2017-06-01,2017-06-10,别克,昂科威,3,0.2E2
2017-06-01,2017-06-10,别克,昂科威,3,0.2229E2
2017-06-07,2017-06-10,别克,昂科威,3,0.205E2
2017-06-06,2017-06-10,别克,昂科威,3,0.265E2
2017-04-26,2017-06-09,别克,昂科威,3,0.222E2
2017-04-30,2017-06-09,别克,昂科威,3,0.2628E2
2017-05-23,2017-06-09,别克,昂科威,3,0.1968E2
2017-05-24,2017-06-09,别克,昂科威,3,0.213E2
2017-05-24,2017-06-09,别克,昂科威,3,0.2388E2
2017-05-21,2017-06-09,别克,昂科威,3,0.1698E2
2017-05-24,2017-06-09,别克,昂科威,3,0.2E2
2017-05-23,2017-06-09,别克,昂科威,3,0.17E2
2017-05-20,2017-06-09,别克,昂科威,3,0.198E2
2017-05-07,2017-06-09,别克,昂科威,3,0.2398E2
2017-05-13,2017-06-09,别克,昂科威,3,0.2198E2
2017-05-24,2017-06-09,别克,昂科威,3,0.2E2
2017-05-13,2017-06-09,别克,昂科威,3,0.2188E2
2017-05-11,2017-06-09,别克,昂科威,3,0.2398E2
2017-05-29,2017-06-09,别克,昂科威,3,0.198E2
2017-06-09,2017-06-09,别克,昂科威,3,0.2628E2
2017-06-04,2017-06-09,别克,昂科威,3,0.2E2
2017-06-01,2017-06-09,别克,昂科威,3,0.19E2
2017-06-05,2017-06-09,别克,昂科威,3,0.18E2
2017-06-05,2017-06-09,别克,昂科威,3,0.22E2
2017-04-11,2017-06-08,别克,昂科威,3,0.225E2
2017-04-29,2017-06-08,别克,昂科威,3,0.225E2
2017-05-31,2017-06-08,别克,昂科威,3,0.2618E2
2017-05-15,2017-06-08,别克,昂科威,3,0.195E2
2017-05-17,2017-06-08,别克,昂科威,3,0.19E2
2017-05-14,2017-06-08,别克,昂科威,3,0.193E2
2017-05-17,2017-06-08,别克,昂科威,3,0.23E2
2017-05-14,2017-06-08,别克,昂科威,3,0.2148E2
2017-05-30,2017-06-08,别克,昂科威,3,0.195E2
2017-05-18,2017-06-08,别克,昂科威,3,0.192E2
2017-05-28,2017-06-08,别克,昂科威,3,0.2199E2
2017-05-19,2017-06-08,别克,昂科威,3,0.2038E2
2017-06-04,2017-06-08,别克,昂科威,3,0.272E2
2017-04-30,2017-06-07,别克,昂科威,3,0.268E2
2017-04-08,2017-06-07,别克,昂科威,3,0.21E2
2017-04-17,2017-06-07,别克,昂科威,3,0.21E2
2017-04-19,2017-06-07,别克,昂科威,3,0.2098E2
2017-05-01,2017-06-07,别克,昂科威,3,0.2478E2
2017-05-19,2017-06-07,别克,昂科威,3,0.26E2
2017-05-08,2017-06-07,别克,昂科威,3,0.235E2
2017-05-09,2017-06-07,别克,昂科威,3,0.234E2
2017-05-26,2017-06-07,别克,昂科威,3,0.24E2
2017-05-08,2017-06-07,别克,昂科威,3,0.2339E2
2017-05-22,2017-06-07,别克,昂科威,3,0.1988E2
2017-05-15,2017-06-07,别克,昂科威,3,0.2118E2
2017-05-05,2017-06-07,别克,昂科威,3,0.2E2
2017-05-14,2017-06-07,别克,昂科威,3,0.218E2
2017-05-21,2017-06-07,别克,昂科威,3,0.2527E2
2017-05-10,2017-06-07,别克,昂科威,3,0.253E2
2017-06-01,2017-06-07,别克,昂科威,3,0.196E2
2017-06-04,2017-06-07,别克,昂科威,3,0.1879E2
2017-06-01,2017-06-07,别克,昂科威,3,0.196E2
2017-04-26,2017-06-06,别克,昂科威,3,0.265E2
2017-04-27,2017-06-06,别克,昂科威,3,0.1919E2
2017-04-25,2017-06-06,别克,昂科威,3,0.2388E2
2017-05-25,2017-06-06,别克,昂科威,3,0.228E2
2017-05-16,2017-06-06,别克,昂科威,3,0.188E2
2017-05-13,2017-06-06,别克,昂科威,3,0.225E2
2017-05-19,2017-06-06,别克,昂科威,3,0.26E2
2017-05-16,2017-06-06,别克,昂科威,3,0.2498E2
2017-05-17,2017-06-06,别克,昂科威,3,0.188E2
2017-05-02,2017-06-06,别克,昂科威,3,0.23E2
2017-05-19,2017-06-06,别克,昂科威,3,0.23E2
2017-05-03,2017-06-06,别克,昂科威,3,0.2572E2
2017-05-20,2017-06-06,别克,昂科威,3,0.233E2
2017-05-18,2017-06-06,别克,昂科威,3,0.2038E2
2017-05-09,2017-06-06,别克,昂科威,3,0.253E2
2017-05-26,2017-06-06,别克,昂科威,3,0.238E2
2017-06-03,2017-06-06,别克,昂科威,3,0.278E2
2017-03-22,2017-06-05,别克,昂科威,3,0.2138E2
2017-04-18,2017-06-05,别克,昂科威,3,0.208E2
2017-05-02,2017-06-05,别克,昂科威,3,0.2298E2
2017-05-03,2017-06-05,别克,昂科威,3,0.2798E2
2017-05-06,2017-06-05,别克,昂科威,3,0.2388E2
2017-05-27,2017-06-05,别克,昂科威,3,0.203E2
2017-05-12,2017-06-05,别克,昂科威,3,0.2298E2
2017-05-12,2017-06-05,别克,昂科威,3,0.2298E2
2017-05-16,2017-06-05,别克,昂科威,3,0.198E2
2017-05-07,2017-06-05,别克,昂科威,3,0.2088E2
2017-05-07,2017-06-05,别克,昂科威,3,0.1842E2
2017-05-23,2017-06-05,别克,昂科威,3,0.213E2
2017-05-26,2017-06-05,别克,昂科威,3,0.188E2
2017-05-23,2017-06-05,别克,昂科威,3,0.2298E2
2017-05-27,2017-06-05,别克,昂科威,3,0.238E2
2017-05-11,2017-06-05,别克,昂科威,3,0.1888E2
2017-05-30,2017-06-05,别克,昂科威,3,0.208E2
2017-06-02,2017-06-05,别克,昂科威,3,0.22E2
2017-06-01,2017-06-05,别克,昂科威,3,0.24E2
2017-04-07,2017-06-04,别克,昂科威,3,0.248E2
2017-04-26,2017-06-04,别克,昂科威,3,0.2058E2
2017-04-30,2017-06-04,别克,昂科威,3,0.1598E2
2017-04-28,2017-06-04,别克,昂科威,3,0.2298E2
2017-05-05,2017-06-04,别克,昂科威,3,0.2198E2
2017-05-12,2017-06-04,别克,昂科威,3,0.2298E2
2017-05-12,2017-06-04,别克,昂科威,3,0.2298E2
2017-05-15,2017-06-04,别克,昂科威,3,0.2066E2
2017-05-24,2017-06-04,别克,昂科威,3,0.2298E2
2017-05-05,2017-06-04,别克,昂科威,3,0.215E2
2017-05-24,2017-06-04,别克,昂科威,3,0.186E2
2017-05-16,2017-06-04,别克,昂科威,3,0.2709E2
2017-05-05,2017-06-04,别克,昂科威,3,0.1838E2
2017-05-14,2017-06-04,别克,昂科威,3,0.2288E2
2017-05-17,2017-06-04,别克,昂科威,3,0.2088E2
2017-05-01,2017-06-04,别克,昂科威,3,0.1609E2
2017-05-13,2017-06-04,别克,昂科威,3,0.175E2
2017-05-12,2017-06-04,别克,昂科威,3,0.2298E2
2017-05-27,2017-06-04,别克,昂科威,3,0.1998E2
2017-05-13,2017-06-04,别克,昂科威,3,0.225E2
2017-05-02,2017-06-04,别克,昂科威,3,0.2206E2
2017-05-25,2017-06-04,别克,昂科威,3,0.248E2
2017-05-17,2017-06-04,别克,昂科威,3,0.218E2
2017-06-04,2017-06-04,别克,昂科威,3,0.1879E2
2017-04-07,2017-06-03,别克,昂科威,3,0.2098E2
2017-04-19,2017-06-03,别克,昂科威,3,0.21E2
2017-05-25,2017-06-03,别克,昂科威,3,0.1968E2
2017-05-04,2017-06-03,别克,昂科威,3,0.1868E2
2017-05-12,2017-06-03,别克,昂科威,3,0.1865E2
2017-05-10,2017-06-03,别克,昂科威,3,0.2688E2
2017-05-21,2017-06-03,别克,昂科威,3,0.21E2
2017-05-03,2017-06-03,别克,昂科威,3,0.2168E2
2017-05-30,2017-06-03,别克,昂科威,3,0.215E2
2017-05-18,2017-06-03,别克,昂科威,3,0.198E2
2017-05-04,2017-06-03,别克,昂科威,3,0.225E2
2017-05-25,2017-06-03,别克,昂科威,3,0.202E2
2017-05-21,2017-06-03,别克,昂科威,3,0.23E2
2017-05-18,2017-06-03,别克,昂科威,3,0.2088E2
2017-05-13,2017-06-03,别克,昂科威,3,0.2E2
2017-05-07,2017-06-03,别克,昂科威,3,0.2E2
2017-04-22,2017-06-02,别克,昂科威,3,0.189E2
2017-04-08,2017-06-02,别克,昂科威,3,0.2498E2
2017-04-25,2017-06-02,别克,昂科威,3,0.1998E2
2017-05-25,2017-06-02,别克,昂科威,3,0.232E2
2017-05-15,2017-06-02,别克,昂科威,3,0.175E2
2017-05-24,2017-06-02,别克,昂科威,3,0.228E2
2017-05-12,2017-06-02,别克,昂科威,3,0.21E2
2017-05-15,2017-06-02,别克,昂科威,3,0.188E2
2017-05-12,2017-06-02,别克,昂科威,3,0.185E2
2017-05-11,2017-06-02,别克,昂科威,3,0.2168E2
2017-05-14,2017-06-02,别克,昂科威,3,0.1916E2
2017-05-09,2017-06-02,别克,昂科威,3,0.2688E2
2017-05-17,2017-06-02,别克,昂科威,3,0.195E2
2017-05-05,2017-06-02,别克,昂科威,3,0.192E2
2017-05-08,2017-06-02,别克,昂科威,3,0.208E2
2017-05-04,2017-06-02,别克,昂科威,3,0.2327E2
2017-05-19,2017-06-02,别克,昂科威,3,0.1969E2
2017-05-09,2017-06-02,别克,昂科威,3,0.2088E2
2017-05-06,2017-06-02,别克,昂科威,3,0.222E2
2017-05-10,2017-06-02,别克,昂科威,3,0.1988E2
2017-05-31,2017-06-02,别克,昂科威,3,0.222E2
2017-06-02,2017-06-02,别克,昂科威,3,0.216E2
2017-04-27,2017-06-01,别克,昂科威,3,0.2698E2
2017-04-27,2017-06-01,别克,昂科威,3,0.198E2
2017-04-27,2017-06-01,别克,昂科威,3,0.1939E2
2017-04-28,2017-06-01,别克,昂科威,3,0.1841E2
2017-05-17,2017-06-01,别克,昂科威,3,0.1831E2
2017-05-21,2017-06-01,别克,昂科威,3,0.1968E2
2017-05-04,2017-06-01,别克,昂科威,3,0.1939E2
2017-05-19,2017-06-01,别克,昂科威,3,0.248E2
2017-05-24,2017-06-01,别克,昂科威,3,0.19E2
2017-05-16,2017-06-01,别克,昂科威,3,0.233E2
2017-05-20,2017-06-01,别克,昂科威,3,0.2498E2
2017-05-13,2017-06-01,别克,昂科威,3,0.269E2
2017-05-20,2017-06-01,别克,昂科威,3,0.202E2
2017-05-21,2017-06-01,别克,昂科威,3,0.188E2
2017-05-07,2017-06-01,别克,昂科威,3,0.2488E2
2017-05-11,2017-06-01,别克,昂科威,3,0.1812E2
2017-05-17,2017-06-01,别克,昂科威,3,0.215E2
2017-05-03,2017-06-01,别克,昂科威,3,0.2758E2
2017-05-23,2017-06-01,别克,昂科威,3,0.184E2
2017-05-10,2017-06-01,别克,昂科威,3,0.2088E2
2017-05-25,2017-06-01,别克,昂科威,3,0.2158E2
2017-05-17,2017-06-01,别克,昂科威,3,0.176E2
2017-05-07,2017-06-01,别克,昂科威,3,0.2088E2
2017-05-08,2017-06-01,别克,昂科威,3,0.268E2
2017-05-05,2017-06-01,别克,昂科威,3,0.21E2
2017-05-25,2017-06-01,别克,昂科威,3,0.198E2
2017-05-19,2017-06-01,别克,昂科威,3,0.188E2
