地区,外迁量O,流入量I,本地过户量L,总交易量Q(O+I+L）,外迁率KO（O/Q）,本地过户率KL（L/Q）,外迁值VO(KO*O)的平方根,外迁指数IO=VO/VOmax,本地交易值VL(KL*L)的平方根,本地交易指数IL=VL/Vlmax
七台河市,14,12,28,54,26.0%,52.0%,1.91,0.07,3.82,0.17
三亚市,22,8,24,54,41.0%,44.0%,3.0,0.11,3.25,0.15
三明市,4,8,102,114,4.0%,89.0%,0.4,0.01,9.53,0.43
三沙市,0,22,0,22,0.0%,0.0%,0.0,0.0,0.0,0.0
三门峡市,1,1,29,31,3.0%,94.0%,0.17,0.01,5.22,0.24
上海市,391,8,519,918,43.0%,56.99999999999999%,12.97,0.46,17.2,0.78
上饶市,14,11,30,55,25.0%,55.00000000000001%,1.87,0.07,4.06,0.18
东莞市,29,20,534,583,5.0%,92.0%,1.2,0.04,22.16,1.01
东营市,11,16,119,146,8.0%,82.0%,0.94,0.03,9.88,0.45
中卫市,7,5,8,20,35.0%,40.0%,1.57,0.06,1.79,0.08
中山市,5,4,198,207,2.0%,96.0%,0.32,0.01,13.79,0.63
临夏回族自治州,27,35,18,80,34.0%,23.0%,3.03,0.11,2.03,0.09
临汾市,21,25,88,134,16.0%,66.0%,1.83,0.06,7.62,0.35
临沂市,44,72,205,321,14.000000000000002%,64.0%,2.48,0.09,11.45,0.52
临沧市,0,0,23,23,0.0%,100.0%,0.0,0.0,4.8,0.22
丹东市,0,47,56,103,0.0%,54.0%,0.0,0.0,5.5,0.25
丽水市,15,5,110,130,12.0%,85.0%,1.34,0.05,9.67,0.44
丽江市,1,3,9,13,8.0%,69.0%,0.28,0.01,2.49,0.11
乌兰察布市,13,11,27,51,25.0%,53.0%,1.8,0.06,3.78,0.17
乌海市,11,16,29,56,20.0%,52.0%,1.48,0.05,3.88,0.18
乌鲁木齐市,54,184,225,463,12.0%,49.0%,2.55,0.09,10.5,0.48
乐山市,6,4,71,81,7.000000000000001%,88.0%,0.65,0.02,7.9,0.36
九江市,9,16,56,81,11.0%,69.0%,0.99,0.04,6.22,0.28
云浮市,5,163,106,274,2.0%,39.0%,0.32,0.01,6.43,0.29
亳州市,20,9,29,58,34.0%,50.0%,2.61,0.09,3.81,0.17
仙桃市,4,2,11,17,24.0%,65.0%,0.98,0.03,2.67,0.12
伊春市,11,6,25,42,26.0%,60.0%,1.69,0.06,3.87,0.18
伊犁哈萨克自治州,5,159,76,240,2.0%,32.0%,0.32,0.01,4.93,0.22
佛山市,50,11,463,524,10.0%,88.0%,2.24,0.08,20.19,0.92
佳木斯市,15,25,63,103,15.0%,61.0%,1.5,0.05,6.2,0.28
保定市,17,5,243,265,6.0%,92.0%,1.01,0.04,14.95,0.68
保山市,0,3,8,11,0.0%,73.0%,0.0,0.0,2.42,0.11
信阳市,16,12,42,70,23.0%,60.0%,1.92,0.07,5.02,0.23
克孜勒苏柯尔克孜自治州,11,15,24,50,22.0%,48.0%,1.56,0.05,3.39,0.15
克拉玛依市,8,6,19,33,24.0%,57.99999999999999%,1.39,0.05,3.32,0.15
六安市,32,13,48,93,34.0%,52.0%,3.3,0.12,5.0,0.23
六盘水市,5,15,14,34,15.0%,41.0%,0.87,0.03,2.4,0.11
兰州市,36,84,117,237,15.0%,49.0%,2.32,0.08,7.57,0.34
兴安,0,0,0,0,0.0%,0.0%,0.0,0.0,0.0,0.0
兴安盟,14,61,39,114,12.0%,34.0%,1.3,0.05,3.64,0.17
内江市,9,6,46,61,15.0%,75.0%,1.16,0.04,5.87,0.27
凉山彝族自治州,4,1,20,25,16.0%,80.0%,0.8,0.03,4.0,0.18
包头市,14,120,132,266,5.0%,50.0%,0.84,0.03,8.12,0.37
北京市,1292,17,768,2077,62.0%,37.0%,28.3,1.0,16.86,0.76
北海市,3,11,37,51,6.0%,73.0%,0.42,0.01,5.2,0.24
十堰市,13,3,56,72,18.0%,78.0%,1.53,0.05,6.61,0.3
南京市,140,3,236,379,37.0%,62.0%,7.2,0.25,12.1,0.55
南充市,22,2,51,75,28.999999999999996%,68.0%,2.53,0.09,5.89,0.27
南宁市,25,74,185,284,9.0%,65.0%,1.5,0.05,10.97,0.5
南平市,8,6,57,71,11.0%,80.0%,0.94,0.03,6.75,0.31
南昌市,77,22,111,210,37.0%,53.0%,5.34,0.19,7.67,0.35
南通市,50,12,231,293,17.0%,79.0%,2.92,0.1,13.51,0.61
南阳市,25,36,97,158,16.0%,61.0%,2.0,0.07,7.69,0.35
博尔塔拉蒙古自治州,22,23,21,66,33.0%,32.0%,2.69,0.1,2.59,0.12
厦门市,36,4,246,286,13.0%,86.0%,2.16,0.08,14.55,0.66
双鸭山市,21,19,56,96,22.0%,57.99999999999999%,2.15,0.08,5.7,0.26
台州市,69,8,210,287,24.0%,73.0%,4.07,0.14,12.38,0.56
合肥市,84,38,187,309,27.0%,61.0%,4.76,0.17,10.68,0.48
吉安市,10,6,51,67,15.0%,76.0%,1.22,0.04,6.23,0.28
吉林市,24,19,77,120,20.0%,64.0%,2.19,0.08,7.02,0.32
吐鲁番地区,6,16,6,28,21.0%,21.0%,1.12,0.04,1.12,0.05
吕梁市,21,8,36,65,32.0%,55.00000000000001%,2.59,0.09,4.45,0.2
吴忠市,7,65,34,106,7.000000000000001%,32.0%,0.7,0.02,3.3,0.15
周口市,14,16,21,51,27.0%,41.0%,1.94,0.07,2.93,0.13
呼伦贝尔市,8,20,50,78,10.0%,64.0%,0.89,0.03,5.66,0.26
呼和浩特市,27,184,163,374,7.000000000000001%,44.0%,1.37,0.05,8.47,0.38
和田地区,5,212,70,287,2.0%,24.0%,0.32,0.01,4.1,0.19
咸宁市,10,11,49,70,14.000000000000002%,70.0%,1.18,0.04,5.86,0.27
咸阳市,8,3,15,26,31.0%,57.99999999999999%,1.57,0.06,2.95,0.13
哈密地区,3,25,31,59,5.0%,53.0%,0.39,0.01,4.05,0.18
哈尔滨市,49,289,567,905,5.0%,63.0%,1.57,0.06,18.9,0.86
唐山市,26,32,497,555,5.0%,90.0%,1.14,0.04,21.15,0.96
商丘市,26,13,37,76,34.0%,49.0%,2.97,0.11,4.26,0.19
商洛市,3,1,2,6,50.0%,33.0%,1.22,0.04,0.81,0.04
喀什地区,2,72,32,106,2.0%,30.0%,0.2,0.01,3.1,0.14
嘉兴市,30,20,203,253,12.0%,80.0%,1.9,0.07,12.74,0.58
嘉峪关市,3,3,4,10,30.0%,40.0%,0.95,0.03,1.26,0.06
四平市,14,13,32,59,24.0%,54.0%,1.83,0.06,4.16,0.19
固原市,3,14,14,31,10.0%,45.0%,0.55,0.02,2.51,0.11
垦区,9,3,15,27,33.0%,56.00000000000001%,1.72,0.06,2.9,0.13
塔城地区,5,29,25,59,8.0%,42.0%,0.63,0.02,3.24,0.15
大兴安岭地区,1,5,6,12,8.0%,50.0%,0.28,0.01,1.73,0.08
大同市,20,132,148,300,7.000000000000001%,49.0%,1.18,0.04,8.52,0.39
大庆市,71,125,190,386,18.0%,49.0%,3.57,0.13,9.65,0.44
大理白族自治州,2,5,39,46,4.0%,85.0%,0.28,0.01,5.76,0.26
大连市,35,95,281,411,9.0%,68.0%,1.77,0.06,13.82,0.63
天水市,0,9,5,14,0.0%,36.0%,0.0,0.0,1.34,0.06
天津市,201,44,355,600,34.0%,59.0%,8.27,0.29,14.47,0.66
天门市,2,2,4,8,25.0%,50.0%,0.71,0.02,1.41,0.06
太原市,81,61,267,409,20.0%,65.0%,4.02,0.14,13.17,0.6
威海市,13,13,106,132,10.0%,80.0%,1.14,0.04,9.21,0.42
娄底市,14,5,28,47,30.0%,60.0%,2.05,0.07,4.1,0.19
孝感市,9,8,24,41,22.0%,59.0%,1.41,0.05,3.76,0.17
宁德市,13,14,92,119,11.0%,77.0%,1.2,0.04,8.42,0.38
宁波市,105,17,354,476,22.0%,74.0%,4.81,0.17,16.19,0.73
安庆市,40,9,44,93,43.0%,47.0%,4.15,0.15,4.55,0.21
安康市,3,3,9,15,20.0%,60.0%,0.77,0.03,2.32,0.11
安阳市,14,20,58,92,15.0%,63.0%,1.45,0.05,6.04,0.27
安顺市,10,13,17,40,25.0%,42.0%,1.58,0.06,2.67,0.12
定西市,5,11,10,26,19.0%,38.0%,0.97,0.03,1.95,0.09
宜宾市,12,7,45,64,19.0%,70.0%,1.51,0.05,5.61,0.25
宜州市,0,0,0,0,0.0%,0.0%,0.0,0.0,0.0,0.0
宜昌市,8,22,117,147,5.0%,80.0%,0.63,0.02,9.67,0.44
宜春市,12,27,58,97,12.0%,60.0%,1.2,0.04,5.9,0.27
宝鸡市,10,1,38,49,20.0%,78.0%,1.41,0.05,5.44,0.25
宣城市,13,10,36,59,22.0%,61.0%,1.69,0.06,4.69,0.21
宿州市,16,18,30,64,25.0%,47.0%,2.0,0.07,3.75,0.17
宿迁市,12,6,46,64,19.0%,72.0%,1.51,0.05,5.75,0.26
山南地区,0,0,2,2,0.0%,100.0%,0.0,0.0,1.41,0.06
岳阳市,11,26,78,115,10.0%,68.0%,1.05,0.04,7.28,0.33
崇左市,1,4,6,11,9.0%,55.00000000000001%,0.3,0.01,1.82,0.08
巴中市,6,2,18,26,23.0%,69.0%,1.17,0.04,3.52,0.16
巴彦淖尔市,7,52,55,114,6.0%,48.0%,0.65,0.02,5.14,0.23
巴音郭楞蒙古自治州,11,159,72,242,5.0%,30.0%,0.74,0.03,4.65,0.21
常州市,19,1,187,207,9.0%,90.0%,1.31,0.05,12.97,0.59
常德市,5,14,67,86,6.0%,78.0%,0.55,0.02,7.23,0.33
平凉市,2,3,11,16,12.0%,69.0%,0.49,0.02,2.75,0.12
平顶山市,11,9,63,83,13.0%,76.0%,1.2,0.04,6.92,0.31
广东省公安厅交通管理局车辆管理所核发的港澳入出境车号牌,0,0,0,0,0.0%,0.0%,0.0,0.0,0.0,0.0
广元市,5,6,21,32,16.0%,66.0%,0.89,0.03,3.72,0.17
广安市,8,2,28,38,21.0%,74.0%,1.3,0.05,4.55,0.21
广州市,437,29,413,879,50.0%,47.0%,14.78,0.52,13.93,0.63
庆阳市,8,62,40,110,7.000000000000001%,36.0%,0.75,0.03,3.79,0.17
廊坊市,12,10,128,150,8.0%,85.0%,0.98,0.03,10.43,0.47
延安市,10,2,25,37,27.0%,68.0%,1.64,0.06,4.12,0.19
延边朝鲜族自治州,8,14,49,71,11.0%,69.0%,0.94,0.03,5.81,0.26
开封市,4,10,26,40,10.0%,65.0%,0.63,0.02,4.11,0.19
张家口市,11,3,81,95,12.0%,85.0%,1.15,0.04,8.3,0.38
张家界市,3,1,24,28,11.0%,86.0%,0.57,0.02,4.54,0.21
张掖市,5,5,13,23,22.0%,56.99999999999999%,1.05,0.04,2.72,0.12
徐州市,23,3,115,141,16.0%,82.0%,1.92,0.07,9.71,0.44
德宏傣族景颇族自治州,4,2,26,32,12.0%,81.0%,0.69,0.02,4.59,0.21
德州市,8,2,54,64,12.0%,84.0%,0.98,0.03,6.73,0.31
德阳市,9,4,49,62,15.0%,79.0%,1.16,0.04,6.22,0.28
忻州市,7,9,32,48,15.0%,67.0%,1.02,0.04,4.63,0.21
怀化市,13,19,89,121,11.0%,74.0%,1.2,0.04,8.12,0.37
怒江傈僳族自治州,0,0,7,7,0.0%,100.0%,0.0,0.0,2.65,0.12
恩施土家族苗族自治州,9,7,60,76,12.0%,79.0%,1.04,0.04,6.88,0.31
惠州市,40,8,166,214,19.0%,78.0%,2.76,0.1,11.38,0.52
成都市,240,60,409,709,34.0%,57.99999999999999%,9.03,0.32,15.4,0.7
扬州市,29,0,127,156,19.0%,81.0%,2.35,0.08,10.14,0.46
承德市,20,7,111,138,14.000000000000002%,80.0%,1.67,0.06,9.42,0.43
抚州市,11,11,37,59,19.0%,63.0%,1.45,0.05,4.83,0.22
抚顺市,3,10,83,96,3.0%,86.0%,0.3,0.01,8.45,0.38
拉萨市,1,7,9,17,6.0%,53.0%,0.24,0.01,2.18,0.1
揭阳市,4,243,141,388,1.0%,36.0%,0.2,0.01,7.12,0.32
攀枝花市,5,1,32,38,13.0%,84.0%,0.81,0.03,5.18,0.24
文山壮族苗族自治州,4,7,17,28,14.000000000000002%,61.0%,0.75,0.03,3.22,0.15
新乡市,10,23,66,99,10.0%,67.0%,1.0,0.04,6.65,0.3
新余市,10,4,16,30,33.0%,53.0%,1.82,0.06,2.91,0.13
无锡市,35,0,297,332,11.0%,89.0%,1.96,0.07,16.26,0.74
日喀则地区,0,0,1,1,0.0%,100.0%,0.0,0.0,1.0,0.05
日照市,9,22,62,93,10.0%,67.0%,0.95,0.03,6.45,0.29
昆明市,37,17,190,244,15.0%,78.0%,2.36,0.08,12.17,0.55
昌吉回族自治州,40,18,68,126,32.0%,54.0%,3.58,0.13,6.06,0.27
昌都地区,0,0,0,0,0.0%,0.0%,0.0,0.0,0.0,0.0
昭通市,4,1,5,10,40.0%,50.0%,1.26,0.04,1.58,0.07
晋中市,25,23,83,131,19.0%,63.0%,2.18,0.08,7.23,0.33
晋城市,9,10,44,63,14.000000000000002%,70.0%,1.12,0.04,5.55,0.25
普洱市,2,5,24,31,6.0%,77.0%,0.35,0.01,4.3,0.2
景德镇市,4,0,14,18,22.0%,78.0%,0.94,0.03,3.3,0.15
曲靖市,9,9,45,63,14.000000000000002%,71.0%,1.12,0.04,5.65,0.26
朔州市,5,9,21,35,14.000000000000002%,60.0%,0.84,0.03,3.55,0.16
朝阳市,11,15,59,85,13.0%,69.0%,1.2,0.04,6.38,0.29
本溪市,7,9,55,71,10.0%,77.0%,0.84,0.03,6.51,0.3
来宾市,0,9,15,24,0.0%,62.0%,0.0,0.0,3.05,0.14
杨凌,3,2,9,14,21.0%,64.0%,0.79,0.03,2.4,0.11
杭州市,309,49,200,558,55.00000000000001%,36.0%,13.04,0.46,8.49,0.38
松原市,14,124,127,265,5.0%,48.0%,0.84,0.03,7.81,0.35
林芝地区,0,0,0,0,0.0%,0.0%,0.0,0.0,0.0,0.0
果洛藏族自治州,1,2,0,3,33.0%,0.0%,0.57,0.02,0.0,0.0
枣庄市,26,17,89,132,20.0%,67.0%,2.28,0.08,7.72,0.35
柳州市,10,5,56,71,14.000000000000002%,79.0%,1.18,0.04,6.65,0.3
株洲市,16,6,90,112,14.000000000000002%,80.0%,1.5,0.05,8.49,0.38
桂林市,5,16,42,63,8.0%,67.0%,0.63,0.02,5.3,0.24
梅州市,3,194,84,281,1.0%,30.0%,0.17,0.01,5.02,0.23
梧州市,8,7,20,35,23.0%,56.99999999999999%,1.36,0.05,3.38,0.15
楚雄彝族自治州,1,0,8,9,11.0%,89.0%,0.33,0.01,2.67,0.12
榆林市,14,8,55,77,18.0%,71.0%,1.59,0.06,6.25,0.28
武威市,4,21,22,47,9.0%,47.0%,0.6,0.02,3.22,0.15
武汉市,108,43,387,538,20.0%,72.0%,4.65,0.16,16.69,0.76
毕节地区,0,0,0,0,0.0%,0.0%,0.0,0.0,0.0,0.0
毕节市,10,1,12,23,43.0%,52.0%,2.07,0.07,2.5,0.11
永州市,17,7,22,46,37.0%,48.0%,2.51,0.09,3.25,0.15
汉中市,1,2,21,24,4.0%,88.0%,0.2,0.01,4.3,0.2
汕头市,9,124,187,320,3.0%,57.99999999999999%,0.52,0.02,10.41,0.47
汕尾市,2,180,38,220,1.0%,17.0%,0.14,0.0,2.54,0.12
江门市,7,4,145,156,4.0%,93.0%,0.53,0.02,11.61,0.53
池州市,2,2,19,23,9.0%,83.0%,0.42,0.01,3.97,0.18
沈阳市,58,91,460,609,10.0%,76.0%,2.41,0.09,18.7,0.85
沧州市,7,2,99,108,6.0%,92.0%,0.65,0.02,9.54,0.43
河池市,1,5,35,41,2.0%,85.0%,0.14,0.0,5.45,0.25
河源市,6,192,58,256,2.0%,23.0%,0.35,0.01,3.65,0.17
泉州市,11,23,282,316,3.0%,89.0%,0.57,0.02,15.84,0.72
泰安市,9,7,71,87,10.0%,82.0%,0.95,0.03,7.63,0.35
泰州市,33,1,158,192,17.0%,82.0%,2.37,0.08,11.38,0.52
泸州市,17,7,34,58,28.999999999999996%,59.0%,2.22,0.08,4.48,0.2
洋浦经济开发区,2,0,1,3,67.0%,33.0%,1.16,0.04,0.57,0.03
洛阳市,15,17,105,137,11.0%,77.0%,1.28,0.05,8.99,0.41
济南市,38,21,316,375,10.0%,84.0%,1.95,0.07,16.29,0.74
济宁市,22,39,139,200,11.0%,69.0%,1.56,0.05,9.79,0.44
济源市,2,1,11,14,14.000000000000002%,79.0%,0.53,0.02,2.95,0.13
海东地区,1,5,8,14,7.000000000000001%,56.99999999999999%,0.26,0.01,2.14,0.1
海北藏族自治州,0,0,1,1,0.0%,100.0%,0.0,0.0,1.0,0.05
海南藏族自治州,1,0,1,2,50.0%,50.0%,0.71,0.02,0.71,0.03
海口市,7,19,97,123,6.0%,79.0%,0.65,0.02,8.75,0.4
海西蒙古族藏族自治州,0,0,6,6,0.0%,100.0%,0.0,0.0,2.45,0.11
淄博市,16,11,191,218,7.000000000000001%,88.0%,1.06,0.04,12.96,0.59
淮北市,13,9,29,51,25.0%,56.99999999999999%,1.8,0.06,4.07,0.18
淮南市,13,32,52,97,13.0%,54.0%,1.3,0.05,5.3,0.24
淮安市,16,3,97,116,14.000000000000002%,84.0%,1.5,0.05,9.03,0.41
深圳市,823,11,283,1117,74.0%,25.0%,24.68,0.87,8.41,0.38
清远市,11,37,79,127,9.0%,62.0%,0.99,0.04,7.0,0.32
温州市,95,41,471,607,16.0%,78.0%,3.9,0.14,19.17,0.87
渭南市,5,2,20,27,19.0%,74.0%,0.97,0.03,3.85,0.17
港澳入出境车号牌,0,0,0,0,0.0%,0.0%,0.0,0.0,0.0,0.0
湖州市,26,8,89,123,21.0%,72.0%,2.34,0.08,8.0,0.36
湘潭市,15,12,72,99,15.0%,73.0%,1.5,0.05,7.25,0.33
湘西土家族苗族自治州,11,5,16,32,34.0%,50.0%,1.93,0.07,2.83,0.13
湛江市,17,255,177,449,4.0%,39.0%,0.82,0.03,8.31,0.38
滁州市,12,16,35,63,19.0%,56.00000000000001%,1.51,0.05,4.43,0.2
滨州市,13,19,145,177,7.000000000000001%,82.0%,0.95,0.03,10.9,0.49
漯河市,11,10,22,43,26.0%,51.0%,1.69,0.06,3.35,0.15
漳州市,6,12,80,98,6.0%,82.0%,0.6,0.02,8.1,0.37
潍坊市,8,108,323,439,2.0%,74.0%,0.4,0.01,15.46,0.7
潜江市,3,7,10,20,15.0%,50.0%,0.67,0.02,2.24,0.1
潮州市,4,59,53,116,3.0%,46.0%,0.35,0.01,4.94,0.22
濮阳市,12,22,58,92,13.0%,63.0%,1.25,0.04,6.04,0.27
烟台市,13,26,172,211,6.0%,82.0%,0.88,0.03,11.88,0.54
焦作市,18,9,34,61,30.0%,56.00000000000001%,2.32,0.08,4.36,0.2
牡丹江市,9,22,70,101,9.0%,69.0%,0.9,0.03,6.95,0.32
玉林市,12,65,57,134,9.0%,43.0%,1.04,0.04,4.95,0.22
玉树藏族自治州,0,4,1,5,0.0%,20.0%,0.0,0.0,0.45,0.02
玉溪市,2,8,40,50,4.0%,80.0%,0.28,0.01,5.66,0.26
珠海市,7,6,105,118,6.0%,89.0%,0.65,0.02,9.67,0.44
琼北,28,7,13,48,57.99999999999999%,27.0%,4.03,0.14,1.87,0.08
琼南,0,0,1,1,0.0%,100.0%,0.0,0.0,1.0,0.05
甘南藏族自治州,5,14,5,24,21.0%,21.0%,1.02,0.04,1.02,0.05
甘孜藏族自治州,0,0,0,0,0.0%,0.0%,0.0,0.0,0.0,0.0
白城市,15,68,69,152,10.0%,45.0%,1.22,0.04,5.57,0.25
白山市,2,10,24,36,6.0%,67.0%,0.35,0.01,4.01,0.18
白银市,3,31,12,46,7.000000000000001%,26.0%,0.46,0.02,1.77,0.08
百色市,2,7,22,31,6.0%,71.0%,0.35,0.01,3.95,0.18
益阳市,16,14,57,87,18.0%,66.0%,1.7,0.06,6.13,0.28
盐城市,31,1,106,138,22.0%,77.0%,2.61,0.09,9.03,0.41
盘锦市,9,137,101,247,4.0%,41.0%,0.6,0.02,6.44,0.29
眉山市,14,12,42,68,21.0%,62.0%,1.71,0.06,5.1,0.23
石嘴山市,6,7,16,29,21.0%,55.00000000000001%,1.12,0.04,2.97,0.13
石家庄市,34,8,302,344,10.0%,88.0%,1.84,0.07,16.3,0.74
石河子市,7,5,30,42,17.0%,71.0%,1.09,0.04,4.62,0.21
神农架林区,0,0,5,5,0.0%,100.0%,0.0,0.0,2.24,0.1
福州市,51,16,359,426,12.0%,84.0%,2.47,0.09,17.37,0.79
秦皇岛市,8,9,114,131,6.0%,87.0%,0.69,0.02,9.96,0.45
红河哈尼族彝族自治州,8,6,40,54,15.0%,74.0%,1.1,0.04,5.44,0.25
绍兴市,36,17,123,176,20.0%,70.0%,2.68,0.09,9.28,0.42
绥化市,45,55,100,200,23.0%,50.0%,3.22,0.11,7.07,0.32
绵阳市,7,6,68,81,9.0%,84.0%,0.79,0.03,7.56,0.34
聊城市,17,21,106,144,12.0%,74.0%,1.43,0.05,8.86,0.4
肇庆市,12,3,91,106,11.0%,86.0%,1.15,0.04,8.85,0.4
自贡市,4,2,15,21,19.0%,71.0%,0.87,0.03,3.26,0.15
舟山市,7,3,117,127,6.0%,92.0%,0.65,0.02,10.37,0.47
芜湖市,23,20,26,69,33.0%,38.0%,2.75,0.1,3.14,0.14
苏州市,113,2,457,572,20.0%,80.0%,4.75,0.17,19.12,0.87
茂名市,22,517,165,704,3.0%,23.0%,0.81,0.03,6.16,0.28
荆州市,12,20,84,116,10.0%,72.0%,1.1,0.04,7.78,0.35
荆门市,3,22,83,108,3.0%,77.0%,0.3,0.01,7.99,0.36
莆田市,19,8,81,108,18.0%,75.0%,1.85,0.07,7.79,0.35
莱芜市,3,1,55,59,5.0%,93.0%,0.39,0.01,7.15,0.32
菏泽市,12,14,27,53,23.0%,51.0%,1.66,0.06,3.71,0.17
萍乡市,12,3,56,71,17.0%,79.0%,1.43,0.05,6.65,0.3
营口市,20,61,74,155,13.0%,48.0%,1.61,0.06,5.96,0.27
葫芦岛市,15,123,100,238,6.0%,42.0%,0.95,0.03,6.48,0.29
蚌埠市,31,15,59,105,30.0%,56.00000000000001%,3.05,0.11,5.75,0.26
衡水市,3,1,52,56,5.0%,93.0%,0.39,0.01,6.95,0.32
衡阳市,30,3,71,104,28.999999999999996%,68.0%,2.95,0.1,6.95,0.32
衢州市,9,11,123,143,6.0%,86.0%,0.73,0.03,10.28,0.47
襄阳市,21,16,57,94,22.0%,61.0%,2.15,0.08,5.9,0.27
西双版纳傣族自治州,6,5,24,35,17.0%,69.0%,1.01,0.04,4.07,0.18
西宁市,9,12,33,54,17.0%,61.0%,1.24,0.04,4.49,0.2
西安市,110,24,238,372,30.0%,64.0%,5.74,0.2,12.34,0.56
许昌市,19,12,58,89,21.0%,65.0%,2.0,0.07,6.14,0.28
贵港市,4,20,24,48,8.0%,50.0%,0.57,0.02,3.46,0.16
贵阳市,60,24,125,209,28.999999999999996%,60.0%,4.17,0.15,8.66,0.39
贺州市,3,8,31,42,7.000000000000001%,74.0%,0.46,0.02,4.79,0.22
资阳市,30,4,13,47,64.0%,28.000000000000004%,4.38,0.15,1.91,0.09
赣州市,10,12,81,103,10.0%,79.0%,1.0,0.04,8.0,0.36
赤峰市,8,45,61,114,7.000000000000001%,54.0%,0.75,0.03,5.74,0.26
辽源市,5,11,13,29,17.0%,45.0%,0.92,0.03,2.42,0.11
辽阳市,27,13,116,156,17.0%,74.0%,2.14,0.08,9.26,0.42
达州市,9,5,19,33,27.0%,57.99999999999999%,1.56,0.06,3.32,0.15
运城市,8,18,83,109,7.000000000000001%,76.0%,0.75,0.03,7.94,0.36
连云港市,7,5,116,128,5.0%,91.0%,0.59,0.02,10.27,0.47
迪庆藏族自治州,0,3,6,9,0.0%,67.0%,0.0,0.0,2.0,0.09
通化市,18,15,51,84,21.0%,61.0%,1.94,0.07,5.58,0.25
通辽市,6,57,60,123,5.0%,49.0%,0.55,0.02,5.42,0.25
遂宁市,6,5,45,56,11.0%,80.0%,0.81,0.03,6.0,0.27
遵义市,31,12,52,95,33.0%,55.00000000000001%,3.2,0.11,5.35,0.24
邢台市,15,7,63,85,18.0%,74.0%,1.64,0.06,6.83,0.31
那曲地区,0,2,0,2,0.0%,0.0%,0.0,0.0,0.0,0.0
邯郸市,29,2,114,145,20.0%,79.0%,2.41,0.09,9.49,0.43
邵阳市,9,18,58,85,11.0%,68.0%,0.99,0.04,6.28,0.28
郑州市,174,34,329,537,32.0%,61.0%,7.46,0.26,14.17,0.64
郴州市,16,9,80,105,15.0%,76.0%,1.55,0.05,7.8,0.35
鄂尔多斯市,32,69,141,242,13.0%,57.99999999999999%,2.04,0.07,9.04,0.41
鄂州市,1,8,19,28,4.0%,68.0%,0.2,0.01,3.59,0.16
酒泉市,2,19,18,39,5.0%,46.0%,0.32,0.01,2.88,0.13
重庆市,257,24,301,582,44.0%,52.0%,10.63,0.38,12.51,0.57
金华市,78,7,223,308,25.0%,72.0%,4.42,0.16,12.67,0.57
金昌市,9,11,19,39,23.0%,49.0%,1.44,0.05,3.05,0.14
钦州市,4,24,28,56,7.000000000000001%,50.0%,0.53,0.02,3.74,0.17
铁岭市,82,184,189,455,18.0%,42.0%,3.84,0.14,8.91,0.4
铜仁地区,0,0,0,0,0.0%,0.0%,0.0,0.0,0.0,0.0
铜仁市,11,15,7,33,33.0%,21.0%,1.91,0.07,1.21,0.06
铜川市,3,4,7,14,21.0%,50.0%,0.79,0.03,1.87,0.08
铜陵市,4,29,11,44,9.0%,25.0%,0.6,0.02,1.66,0.08
银川市,18,246,207,471,4.0%,44.0%,0.85,0.03,9.54,0.43
锡林郭勒盟,10,19,30,59,17.0%,51.0%,1.3,0.05,3.91,0.18
锦州市,18,61,83,162,11.0%,51.0%,1.41,0.05,6.51,0.3
镇江市,10,7,63,80,12.0%,79.0%,1.1,0.04,7.05,0.32
长春市,65,78,153,296,22.0%,52.0%,3.78,0.13,8.92,0.4
长沙市,76,67,413,556,14.000000000000002%,74.0%,3.26,0.12,17.48,0.79
长治市,19,10,62,91,21.0%,68.0%,2.0,0.07,6.49,0.29
长白山保护开发区,0,0,0,0,0.0%,0.0%,0.0,0.0,0.0,0.0
阜新市,9,26,111,146,6.0%,76.0%,0.73,0.03,9.18,0.42
阜阳市,28,12,46,86,33.0%,53.0%,3.04,0.11,4.94,0.22
防城港市,3,17,35,55,5.0%,64.0%,0.39,0.01,4.73,0.21
阳江市,7,77,53,137,5.0%,39.0%,0.59,0.02,4.55,0.21
阳泉市,9,8,39,56,16.0%,70.0%,1.2,0.04,5.22,0.24
阿克苏地区,3,65,44,112,3.0%,39.0%,0.3,0.01,4.14,0.19
阿勒泰地区,3,7,11,21,14.000000000000002%,52.0%,0.65,0.02,2.39,0.11
阿坝藏族羌族自治州,3,8,2,13,23.0%,15.0%,0.83,0.03,0.55,0.02
阿拉善盟,3,14,10,27,11.0%,37.0%,0.57,0.02,1.92,0.09
阿里地区,0,0,0,0,0.0%,0.0%,0.0,0.0,0.0,0.0
陇南市,1,3,4,8,12.0%,50.0%,0.35,0.01,1.41,0.06
随州市,7,9,43,59,12.0%,73.0%,0.92,0.03,5.6,0.25
雅安市,3,3,16,22,14.000000000000002%,73.0%,0.65,0.02,3.42,0.16
青岛市,22,33,319,374,6.0%,85.0%,1.15,0.04,16.47,0.75
鞍山市,27,36,167,230,12.0%,73.0%,1.8,0.06,11.04,0.5
韶关市,6,45,36,87,7.000000000000001%,41.0%,0.65,0.02,3.84,0.17
马鞍山市,7,6,19,32,22.0%,59.0%,1.24,0.04,3.35,0.15
驻马店市,19,8,24,51,37.0%,47.0%,2.65,0.09,3.36,0.15
鸡西市,6,37,71,114,5.0%,62.0%,0.55,0.02,6.63,0.3
鹤壁市,5,9,18,32,16.0%,56.00000000000001%,0.89,0.03,3.17,0.14
鹤岗市,12,4,22,38,32.0%,57.99999999999999%,1.96,0.07,3.57,0.16
鹰潭市,5,4,30,39,13.0%,77.0%,0.81,0.03,4.81,0.22
黄冈市,10,5,74,89,11.0%,83.0%,1.05,0.04,7.84,0.36
黄南藏族自治州,0,0,1,1,0.0%,100.0%,0.0,0.0,1.0,0.05
黄山市,7,5,25,37,19.0%,68.0%,1.15,0.04,4.12,0.19
黄石市,11,3,33,47,23.0%,70.0%,1.59,0.06,4.81,0.22
黑河市,13,8,34,55,24.0%,62.0%,1.77,0.06,4.59,0.21
黔东南苗族侗族自治州,9,7,30,46,20.0%,65.0%,1.34,0.05,4.42,0.2
黔南布依族苗族自治州,10,12,26,48,21.0%,54.0%,1.45,0.05,3.75,0.17
黔西南布依族苗族自治州,3,17,20,40,7.000000000000001%,50.0%,0.46,0.02,3.16,0.14
齐齐哈尔市,24,46,118,188,13.0%,63.0%,1.77,0.06,8.62,0.39
龙岩市,6,5,74,85,7.000000000000001%,87.0%,0.65,0.02,8.02,0.36
